topology,run,algo,phase,controller,lambda,mu_init,mu_final,scale_factor,rho_init,rho_final,W_init,W_final,stable,alpha,beta,link_sens,k_paths,load_sens,controller_sens
CrlNetworkServices,0,B1,SM,1,204.0,984.8,984.8,1.0,0.2071,0.2071,1.2807,1.2807,1,0.5,0.5,0.0,5,0.0,0.0
CrlNetworkServices,0,B1,SM,2,929.0,984.8,984.8,1.0,0.9433,0.9433,inf,17.9211,1,0.5,0.5,0.0,5,0.0,0.0
CrlNetworkServices,0,B1,SM,3,1044.0,1068.8,1068.8,1.0,0.9768,0.9768,1.043,40.3226,1,0.5,0.5,0.0,5,0.0,0.0
CrlNetworkServices,0,B1,SM,4,940.0,986.4,986.4,1.0,0.953,0.953,inf,21.5517,1,0.5,0.5,0.0,5,0.0,0.0
CrlNetworkServices,0,B1,SM,5,878.0,984.8,984.8,1.0,0.8916,0.8916,inf,9.3633,1,0.5,0.5,0.0,5,0.0,0.0
CrlNetworkServices,0,B1,SM,6,977.0,984.8,984.8,1.0,0.9921,0.9921,inf,128.2051,1,0.5,0.5,0.0,5,0.0,0.0
CrlNetworkServices,0,B1,SM,7,984.0,984.8,984.8,1.0,0.9992,0.9992,0.0,1250.0,1,0.5,0.5,0.0,5,0.0,0.0
CrlNetworkServices,0,B3,SM,1,753.0,984.8,984.8,1.0,0.7646,0.7646,0.3202,4.3141,1,0.5,0.5,0.0,5,0.0,0.0
CrlNetworkServices,0,B3,SM,2,1142.0,984.8,984.8,1.0,1.1596,1.1596,0.2102,inf,0,0.5,0.5,0.0,5,0.0,0.0
CrlNetworkServices,0,B3,SM,3,750.0,1068.8,1068.8,1.0,0.7017,0.7017,1.5645,3.1368,1,0.5,0.5,0.0,5,0.0,0.0
CrlNetworkServices,0,B3,SM,4,847.0,986.4,986.4,1.0,0.8587,0.8587,inf,7.1736,1,0.5,0.5,0.0,5,0.0,0.0
CrlNetworkServices,0,B3,SM,5,834.0,984.8,984.8,1.0,0.8469,0.8469,inf,6.6313,1,0.5,0.5,0.0,5,0.0,0.0
CrlNetworkServices,0,B3,SM,6,775.0,984.8,984.8,1.0,0.787,0.787,inf,4.7664,1,0.5,0.5,0.0,5,0.0,0.0
CrlNetworkServices,0,B3,SM,7,855.0,984.8,984.8,1.0,0.8682,0.8682,inf,7.7042,1,0.5,0.5,0.0,5,0.0,0.0
CrlNetworkServices,1,B1,SM,1,316.0,1020.8,1020.8,1.0,0.3096,0.3096,0.5891,1.4188,1,0.5,0.5,0.0,5,0.0,0.0
CrlNetworkServices,1,B1,SM,2,734.0,955.2,955.2,1.0,0.7684,0.7684,0.3405,4.5208,1,0.5,0.5,0.0,5,0.0,0.0
CrlNetworkServices,1,B1,SM,3,919.0,955.2,955.2,1.0,0.9621,0.9621,1.0246,27.6243,1,0.5,0.5,0.0,5,0.0,0.0
CrlNetworkServices,1,B1,SM,4,957.0,1020.8,1020.8,1.0,0.9375,0.9375,inf,15.674,1,0.5,0.5,0.0,5,0.0,0.0
CrlNetworkServices,1,B1,SM,5,953.0,956.8,956.8,1.0,0.996,0.996,inf,263.1579,1,0.5,0.5,0.0,5,0.0,0.0
CrlNetworkServices,1,B1,SM,6,943.0,955.2,955.2,1.0,0.9872,0.9872,inf,81.9672,1,0.5,0.5,0.0,5,0.0,0.0
CrlNetworkServices,1,B1,SM,7,955.0,955.2,955.2,1.0,0.9998,0.9998,inf,5000.0,1,0.5,0.5,0.0,5,0.0,0.0
CrlNetworkServices,1,B3,SM,1,966.0,1020.8,1020.8,1.0,0.9463,0.9463,0.2356,18.2482,1,0.5,0.5,0.0,5,0.0,0.0
CrlNetworkServices,1,B3,SM,2,811.0,955.2,955.2,1.0,0.849,0.849,0.2724,6.9348,1,0.5,0.5,0.0,5,0.0,0.0
CrlNetworkServices,1,B3,SM,3,760.0,955.2,955.2,1.0,0.7956,0.7956,1.2807,5.123,1,0.5,0.5,0.0,5,0.0,0.0
CrlNetworkServices,1,B3,SM,4,842.0,1020.8,1020.8,1.0,0.8248,0.8248,inf,5.5928,1,0.5,0.5,0.0,5,0.0,0.0
CrlNetworkServices,1,B3,SM,5,801.0,956.8,956.8,1.0,0.8372,0.8372,inf,6.4185,1,0.5,0.5,0.0,5,0.0,0.0
CrlNetworkServices,1,B3,SM,6,778.0,955.2,955.2,1.0,0.8145,0.8145,inf,5.6433,1,0.5,0.5,0.0,5,0.0,0.0
CrlNetworkServices,1,B3,SM,7,819.0,955.2,955.2,1.0,0.8574,0.8574,inf,7.3421,1,0.5,0.5,0.0,5,0.0,0.0
CrlNetworkServices,2,B1,SM,1,330.0,1092.8,1092.8,1.0,0.302,0.302,0.532,1.311,1,0.5,0.5,0.0,5,0.0,0.0
CrlNetworkServices,2,B1,SM,2,788.0,1001.6,1001.6,1.0,0.7867,0.7867,0.3138,4.6816,1,0.5,0.5,0.0,5,0.0,0.0
CrlNetworkServices,2,B1,SM,3,923.0,1001.6,1001.6,1.0,0.9215,0.9215,1.4225,12.7226,1,0.5,0.5,0.0,5,0.0,0.0
CrlNetworkServices,2,B1,SM,4,1023.0,1029.6,1029.6,1.0,0.9936,0.9936,inf,151.5152,1,0.5,0.5,0.0,5,0.0,0.0
CrlNetworkServices,2,B1,SM,5,961.0,1001.6,1001.6,1.0,0.9595,0.9595,0.0,24.6305,1,0.5,0.5,0.0,5,0.0,0.0
CrlNetworkServices,2,B1,SM,6,1028.0,1029.6,1029.6,1.0,0.9984,0.9984,inf,625.0,1,0.5,0.5,0.0,5,0.0,0.0
CrlNetworkServices,2,B1,SM,7,1003.0,1004.0,1004.0,1.0,0.999,0.999,inf,1000.0,1,0.5,0.5,0.0,5,0.0,0.0
CrlNetworkServices,2,B3,SM,1,964.0,1092.8,1092.8,1.0,0.8821,0.8821,0.2128,7.764,1,0.5,0.5,0.0,5,0.0,0.0
CrlNetworkServices,2,B3,SM,2,944.0,1001.6,1001.6,1.0,0.9425,0.9425,0.2511,17.3611,1,0.5,0.5,0.0,5,0.0,0.0
CrlNetworkServices,2,B3,SM,3,861.0,1001.6,1001.6,1.0,0.8596,0.8596,1.4225,7.1124,1,0.5,0.5,0.0,5,0.0,0.0
CrlNetworkServices,2,B3,SM,4,870.0,1029.6,1029.6,1.0,0.845,0.845,inf,6.2657,1,0.5,0.5,0.0,5,0.0,0.0
CrlNetworkServices,2,B3,SM,5,737.0,1001.6,1001.6,1.0,0.7358,0.7358,inf,3.7793,1,0.5,0.5,0.0,5,0.0,0.0
CrlNetworkServices,2,B3,SM,6,868.0,1029.6,1029.6,1.0,0.843,0.843,inf,6.1881,1,0.5,0.5,0.0,5,0.0,0.0
CrlNetworkServices,2,B3,SM,7,812.0,1004.0,1004.0,1.0,0.8088,0.8088,inf,5.2083,1,0.5,0.5,0.0,5,0.0,0.0
CrlNetworkServices,3,B1,SM,1,162.0,1024.8,1024.8,1.0,0.1581,0.1581,1.159,1.159,1,0.5,0.5,0.0,5,0.0,0.0
CrlNetworkServices,3,B1,SM,2,894.0,958.4,958.4,1.0,0.9328,0.9328,inf,15.528,1,0.5,0.5,0.0,5,0.0,0.0
CrlNetworkServices,3,B1,SM,3,1023.0,1031.2,1031.2,1.0,0.992,0.992,0.5627,121.9512,1,0.5,0.5,0.0,5,0.0,0.0
CrlNetworkServices,3,B1,SM,4,897.0,958.4,958.4,1.0,0.9359,0.9359,inf,16.2866,1,0.5,0.5,0.0,5,0.0,0.0
CrlNetworkServices,3,B1,SM,5,905.0,971.2,971.2,1.0,0.9318,0.9318,inf,15.1057,1,0.5,0.5,0.0,5,0.0,0.0
CrlNetworkServices,3,B1,SM,6,945.0,968.0,968.0,1.0,0.9762,0.9762,inf,43.4783,1,0.5,0.5,0.0,5,0.0,0.0
CrlNetworkServices,3,B1,SM,7,972.0,973.6,973.6,1.0,0.9984,0.9984,0.0,625.0,1,0.5,0.5,0.0,5,0.0,0.0
CrlNetworkServices,3,B3,SM,1,940.0,1024.8,1024.8,1.0,0.9173,0.9173,0.2318,11.7925,1,0.5,0.5,0.0,5,0.0,0.0
CrlNetworkServices,3,B3,SM,2,920.0,958.4,958.4,1.0,0.9599,0.9599,0.2563,26.0417,1,0.5,0.5,0.0,5,0.0,0.0
CrlNetworkServices,3,B3,SM,3,735.0,1031.2,1031.2,1.0,0.7128,0.7128,0.844,3.3761,1,0.5,0.5,0.0,5,0.0,0.0
CrlNetworkServices,3,B3,SM,4,814.0,958.4,958.4,1.0,0.8493,0.8493,inf,6.9252,1,0.5,0.5,0.0,5,0.0,0.0
CrlNetworkServices,3,B3,SM,5,821.0,971.2,971.2,1.0,0.8453,0.8453,inf,6.6578,1,0.5,0.5,0.0,5,0.0,0.0
CrlNetworkServices,3,B3,SM,6,743.0,968.0,968.0,1.0,0.7676,0.7676,inf,4.4444,1,0.5,0.5,0.0,5,0.0,0.0
CrlNetworkServices,3,B3,SM,7,825.0,973.6,973.6,1.0,0.8474,0.8474,inf,6.7295,1,0.5,0.5,0.0,5,0.0,0.0
CrlNetworkServices,4,B1,SM,1,396.0,1032.8,1032.8,1.0,0.3834,0.3834,0.5755,1.5704,1,0.5,0.5,0.0,5,0.0,0.0
CrlNetworkServices,4,B1,SM,2,818.0,1042.4,1042.4,1.0,0.7847,0.7847,inf,4.4563,1,0.5,0.5,0.0,5,0.0,0.0
CrlNetworkServices,4,B1,SM,3,913.0,1113.6,1113.6,1.0,0.8199,0.8199,0.997,4.985,1,0.5,0.5,0.0,5,0.0,0.0
CrlNetworkServices,4,B1,SM,4,1016.0,1032.8,1032.8,1.0,0.9837,0.9837,inf,59.5238,1,0.5,0.5,0.0,5,0.0,0.0
CrlNetworkServices,4,B1,SM,5,1032.0,1032.8,1032.8,1.0,0.9992,0.9992,0.0,1250.0,1,0.5,0.5,0.0,5,0.0,0.0
CrlNetworkServices,4,B1,SM,6,1030.0,1033.6,1033.6,1.0,0.9965,0.9965,inf,277.7778,1,0.5,0.5,0.0,5,0.0,0.0
CrlNetworkServices,4,B1,SM,7,1042.0,1044.0,1044.0,1.0,0.9981,0.9981,0.0,500.0,1,0.5,0.5,0.0,5,0.0,0.0
CrlNetworkServices,4,B3,SM,1,833.0,1032.8,1032.8,1.0,0.8065,0.8065,0.2302,5.005,1,0.5,0.5,0.0,5,0.0,0.0
CrlNetworkServices,4,B3,SM,2,1316.0,1042.4,1042.4,1.0,1.2625,1.2625,0.1913,inf,0,0.5,0.5,0.0,5,0.0,0.0
CrlNetworkServices,4,B3,SM,3,743.0,1113.6,1113.6,1.0,0.6672,0.6672,1.2463,2.6983,1,0.5,0.5,0.0,5,0.0,0.0
CrlNetworkServices,4,B3,SM,4,830.0,1032.8,1032.8,1.0,0.8036,0.8036,inf,4.931,1,0.5,0.5,0.0,5,0.0,0.0
CrlNetworkServices,4,B3,SM,5,891.0,1032.8,1032.8,1.0,0.8627,0.8627,inf,7.0522,1,0.5,0.5,0.0,5,0.0,0.0
CrlNetworkServices,4,B3,SM,6,880.0,1033.6,1033.6,1.0,0.8514,0.8514,inf,6.5104,1,0.5,0.5,0.0,5,0.0,0.0
CrlNetworkServices,4,B3,SM,7,754.0,1044.0,1044.0,1.0,0.7222,0.7222,inf,3.4483,1,0.5,0.5,0.0,5,0.0,0.0
Geant2010,0,B1,SM,1,935.0,959.2,959.2,1.0,0.9748,0.9748,0.2648,41.3223,1,0.5,0.5,0.0,5,0.0,0.0
Geant2010,0,B1,SM,2,509.0,959.2,959.2,1.0,0.5307,0.5307,0.4345,2.2212,1,0.5,0.5,0.0,5,0.0,0.0
Geant2010,0,B1,SM,3,553.0,1046.4,1046.4,1.0,0.5285,0.5285,0.6756,2.0268,1,0.5,0.5,0.0,5,0.0,0.0
Geant2010,0,B1,SM,4,908.0,964.0,964.0,1.0,0.9419,0.9419,inf,17.8571,1,0.5,0.5,0.0,5,0.0,0.0
Geant2010,0,B1,SM,5,956.0,959.2,959.2,1.0,0.9967,0.9967,inf,312.5,1,0.5,0.5,0.0,5,0.0,0.0
Geant2010,0,B1,SM,6,948.0,959.2,959.2,1.0,0.9883,0.9883,inf,89.2857,1,0.5,0.5,0.0,5,0.0,0.0
Geant2010,0,B1,SM,7,957.0,959.2,959.2,1.0,0.9977,0.9977,inf,454.5455,1,0.5,0.5,0.0,5,0.0,0.0
Geant2010,0,B1,SM,8,865.0,959.2,959.2,1.0,0.9018,0.9018,inf,10.6157,1,0.5,0.5,0.0,5,0.0,0.0
Geant2010,0,B3,SM,1,990.0,959.2,959.2,1.0,1.0321,1.0321,0.2207,inf,0,0.5,0.5,0.0,5,0.0,0.0
Geant2010,0,B3,SM,2,1221.0,959.2,959.2,1.0,1.2729,1.2729,0.2172,inf,0,0.5,0.5,0.0,5,0.0,0.0
Geant2010,0,B3,SM,3,553.0,1046.4,1046.4,1.0,0.5285,0.5285,0.6756,2.0268,1,0.5,0.5,0.0,5,0.0,0.0
Geant2010,0,B3,SM,4,724.0,964.0,964.0,1.0,0.751,0.751,inf,4.1667,1,0.5,0.5,0.0,5,0.0,0.0
Geant2010,0,B3,SM,5,732.0,959.2,959.2,1.0,0.7631,0.7631,inf,4.4014,1,0.5,0.5,0.0,5,0.0,0.0
Geant2010,0,B3,SM,6,825.0,959.2,959.2,1.0,0.8601,0.8601,inf,7.4516,1,0.5,0.5,0.0,5,0.0,0.0
Geant2010,0,B3,SM,7,776.0,959.2,959.2,1.0,0.809,0.809,inf,5.4585,1,0.5,0.5,0.0,5,0.0,0.0
Geant2010,0,B3,SM,8,810.0,959.2,959.2,1.0,0.8445,0.8445,inf,6.7024,1,0.5,0.5,0.0,5,0.0,0.0
Geant2010,0,MCF_ARC,SM,1,812.0,959.2,959.2,1.0,0.8465,0.8465,0.331,6.7935,1,0.5,0.5,0.0,5,0.0,0.0
Geant2010,0,MCF_ARC,SM,2,755.0,959.2,959.2,1.0,0.7871,0.7871,0.3259,4.8972,1,0.5,0.5,0.0,5,0.0,0.0
Geant2010,0,MCF_ARC,SM,3,553.0,1046.4,1046.4,1.0,0.5285,0.5285,0.6756,2.0268,1,0.5,0.5,0.0,5,0.0,0.0
Geant2010,0,MCF_ARC,SM,4,914.0,964.0,964.0,1.0,0.9481,0.9481,inf,20.0,1,0.5,0.5,0.0,5,0.0,0.0
Geant2010,0,MCF_ARC,SM,5,909.0,959.2,959.2,1.0,0.9477,0.9477,inf,19.9203,1,0.5,0.5,0.0,5,0.0,0.0
Geant2010,0,MCF_ARC,SM,6,904.0,959.2,959.2,1.0,0.9425,0.9425,inf,18.1159,1,0.5,0.5,0.0,5,0.0,0.0
Geant2010,0,MCF_ARC,SM,7,909.0,959.2,959.2,1.0,0.9477,0.9477,inf,19.9203,1,0.5,0.5,0.0,5,0.0,0.0
Geant2010,0,MCF_ARC,SM,8,875.0,959.2,959.2,1.0,0.9122,0.9122,inf,11.8765,1,0.5,0.5,0.0,5,0.0,0.0
Geant2010,1,B1,SM,1,958.0,1018.4,1018.4,1.0,0.9407,0.9407,0.2363,16.5563,1,0.5,0.5,0.0,5,0.0,0.0
Geant2010,1,B1,SM,2,409.0,952.0,952.0,1.0,0.4296,0.4296,0.684,1.8416,1,0.5,0.5,0.0,5,0.0,0.0
Geant2010,1,B1,SM,3,512.0,952.0,952.0,1.0,0.5378,0.5378,0.7576,2.2727,1,0.5,0.5,0.0,5,0.0,0.0
Geant2010,1,B1,SM,4,918.0,1018.4,1018.4,1.0,0.9014,0.9014,inf,9.9602,1,0.5,0.5,0.0,5,0.0,0.0
Geant2010,1,B1,SM,5,952.0,954.4,954.4,1.0,0.9975,0.9975,inf,416.6667,1,0.5,0.5,0.0,5,0.0,0.0
Geant2010,1,B1,SM,6,948.0,952.0,952.0,1.0,0.9958,0.9958,inf,250.0,1,0.5,0.5,0.0,5,0.0,0.0
Geant2010,1,B1,SM,7,927.0,952.0,952.0,1.0,0.9737,0.9737,inf,40.0,1,0.5,0.5,0.0,5,0.0,0.0
Geant2010,1,B1,SM,8,958.0,968.8,968.8,1.0,0.9889,0.9889,inf,92.5926,1,0.5,0.5,0.0,5,0.0,0.0
Geant2010,1,B3,SM,1,1122.0,1018.4,1018.4,1.0,1.1017,1.1017,0.1969,inf,0,0.5,0.5,0.0,5,0.0,0.0
Geant2010,1,B3,SM,2,1020.0,952.0,952.0,1.0,1.0714,1.0714,0.228,inf,0,0.5,0.5,0.0,5,0.0,0.0
Geant2010,1,B3,SM,3,512.0,952.0,952.0,1.0,0.5378,0.5378,0.7576,2.2727,1,0.5,0.5,0.0,5,0.0,0.0
Geant2010,1,B3,SM,4,772.0,1018.4,1018.4,1.0,0.7581,0.7581,inf,4.0584,1,0.5,0.5,0.0,5,0.0,0.0
Geant2010,1,B3,SM,5,821.0,954.4,954.4,1.0,0.8602,0.8602,inf,7.4963,1,0.5,0.5,0.0,5,0.0,0.0
Geant2010,1,B3,SM,6,777.0,952.0,952.0,1.0,0.8162,0.8162,inf,5.7143,1,0.5,0.5,0.0,5,0.0,0.0
Geant2010,1,B3,SM,7,746.0,952.0,952.0,1.0,0.7836,0.7836,inf,4.8544,1,0.5,0.5,0.0,5,0.0,0.0
Geant2010,1,B3,SM,8,812.0,968.8,968.8,1.0,0.8382,0.8382,inf,6.3776,1,0.5,0.5,0.0,5,0.0,0.0
Geant2010,1,MCF_ARC,SM,1,943.0,1018.4,1018.4,1.0,0.926,0.926,0.2363,13.2626,1,0.5,0.5,0.0,5,0.0,0.0
Geant2010,1,MCF_ARC,SM,2,591.0,952.0,952.0,1.0,0.6208,0.6208,0.456,2.7701,1,0.5,0.5,0.0,5,0.0,0.0
Geant2010,1,MCF_ARC,SM,3,512.0,952.0,952.0,1.0,0.5378,0.5378,0.7576,2.2727,1,0.5,0.5,0.0,5,0.0,0.0
Geant2010,1,MCF_ARC,SM,4,918.0,1018.4,1018.4,1.0,0.9014,0.9014,inf,9.9602,1,0.5,0.5,0.0,5,0.0,0.0
Geant2010,1,MCF_ARC,SM,5,906.0,954.4,954.4,1.0,0.9493,0.9493,inf,20.6612,1,0.5,0.5,0.0,5,0.0,0.0
Geant2010,1,MCF_ARC,SM,6,903.0,952.0,952.0,1.0,0.9485,0.9485,inf,20.4082,1,0.5,0.5,0.0,5,0.0,0.0
Geant2010,1,MCF_ARC,SM,7,897.0,952.0,952.0,1.0,0.9422,0.9422,inf,18.1818,1,0.5,0.5,0.0,5,0.0,0.0
Geant2010,1,MCF_ARC,SM,8,912.0,968.8,968.8,1.0,0.9414,0.9414,inf,17.6056,1,0.5,0.5,0.0,5,0.0,0.0
Geant2010,2,B1,SM,1,911.0,1071.2,1071.2,1.0,0.8504,0.8504,0.2178,6.2422,1,0.5,0.5,0.0,5,0.0,0.0
Geant2010,2,B1,SM,2,596.0,980.0,980.0,1.0,0.6082,0.6082,0.4301,2.6042,1,0.5,0.5,0.0,5,0.0,0.0
Geant2010,2,B1,SM,3,378.0,978.4,978.4,1.0,0.3863,0.3863,0.8328,1.6656,1,0.5,0.5,0.0,5,0.0,0.0
Geant2010,2,B1,SM,4,994.0,1008.8,1008.8,1.0,0.9853,0.9853,inf,67.5676,1,0.5,0.5,0.0,5,0.0,0.0
Geant2010,2,B1,SM,5,978.0,980.0,980.0,1.0,0.998,0.998,inf,500.0,1,0.5,0.5,0.0,5,0.0,0.0
Geant2010,2,B1,SM,6,977.0,1008.8,1008.8,1.0,0.9685,0.9685,inf,31.4465,1,0.5,0.5,0.0,5,0.0,0.0
Geant2010,2,B1,SM,7,959.0,983.2,983.2,1.0,0.9754,0.9754,inf,41.3223,1,0.5,0.5,0.0,5,0.0,0.0
Geant2010,2,B1,SM,8,971.0,978.4,978.4,1.0,0.9924,0.9924,inf,135.1351,1,0.5,0.5,0.0,5,0.0,0.0
Geant2010,2,B3,SM,1,1070.0,1071.2,1071.2,1.0,0.9989,0.9989,0.1815,833.3333,1,0.5,0.5,0.0,5,0.0,0.0
Geant2010,2,B3,SM,2,1130.0,980.0,980.0,1.0,1.1531,1.1531,0.2151,inf,0,0.5,0.5,0.0,5,0.0,0.0
Geant2010,2,B3,SM,3,696.0,978.4,978.4,1.0,0.7114,0.7114,0.4164,3.5411,1,0.5,0.5,0.0,5,0.0,0.0
Geant2010,2,B3,SM,4,745.0,1008.8,1008.8,1.0,0.7385,0.7385,inf,3.7908,1,0.5,0.5,0.0,5,0.0,0.0
Geant2010,2,B3,SM,5,845.0,980.0,980.0,1.0,0.8622,0.8622,inf,7.4074,1,0.5,0.5,0.0,5,0.0,0.0
Geant2010,2,B3,SM,6,752.0,1008.8,1008.8,1.0,0.7454,0.7454,inf,3.8941,1,0.5,0.5,0.0,5,0.0,0.0
Geant2010,2,B3,SM,7,775.0,983.2,983.2,1.0,0.7882,0.7882,inf,4.8031,1,0.5,0.5,0.0,5,0.0,0.0
Geant2010,2,B3,SM,8,751.0,978.4,978.4,1.0,0.7676,0.7676,inf,4.3975,1,0.5,0.5,0.0,5,0.0,0.0
Geant2010,2,MCF_ARC,SM,1,885.0,1071.2,1071.2,1.0,0.8262,0.8262,0.2178,5.3706,1,0.5,0.5,0.0,5,0.0,0.0
Geant2010,2,MCF_ARC,SM,2,613.0,980.0,980.0,1.0,0.6255,0.6255,0.4301,2.7248,1,0.5,0.5,0.0,5,0.0,0.0
Geant2010,2,MCF_ARC,SM,3,594.0,978.4,978.4,1.0,0.6071,0.6071,0.5552,2.6015,1,0.5,0.5,0.0,5,0.0,0.0
Geant2010,2,MCF_ARC,SM,4,936.0,1008.8,1008.8,1.0,0.9278,0.9278,inf,13.7363,1,0.5,0.5,0.0,5,0.0,0.0
Geant2010,2,MCF_ARC,SM,5,924.0,980.0,980.0,1.0,0.9429,0.9429,inf,17.8571,1,0.5,0.5,0.0,5,0.0,0.0
Geant2010,2,MCF_ARC,SM,6,949.0,1008.8,1008.8,1.0,0.9407,0.9407,inf,16.7224,1,0.5,0.5,0.0,5,0.0,0.0
Geant2010,2,MCF_ARC,SM,7,934.0,983.2,983.2,1.0,0.95,0.95,inf,20.3252,1,0.5,0.5,0.0,5,0.0,0.0
Geant2010,2,MCF_ARC,SM,8,929.0,978.4,978.4,1.0,0.9495,0.9495,inf,20.2429,1,0.5,0.5,0.0,5,0.0,0.0
Geant2010,3,B1,SM,1,830.0,1008.0,1008.0,1.0,0.8234,0.8234,0.2364,5.618,1,0.5,0.5,0.0,5,0.0,0.0
Geant2010,3,B1,SM,2,521.0,940.0,940.0,1.0,0.5543,0.5543,0.4374,2.3866,1,0.5,0.5,0.0,5,0.0,0.0
Geant2010,3,B1,SM,3,548.0,1014.4,1014.4,1.0,0.5402,0.5402,0.7147,2.1441,1,0.5,0.5,0.0,5,0.0,0.0
Geant2010,3,B1,SM,4,900.0,940.0,940.0,1.0,0.9574,0.9574,inf,25.0,1,0.5,0.5,0.0,5,0.0,0.0
Geant2010,3,B1,SM,5,923.0,954.4,954.4,1.0,0.9671,0.9671,inf,31.8471,1,0.5,0.5,0.0,5,0.0,0.0
Geant2010,3,B1,SM,6,951.0,951.2,951.2,1.0,0.9998,0.9998,inf,5000.0,1,0.5,0.5,0.0,5,0.0,0.0
Geant2010,3,B1,SM,7,952.0,956.8,956.8,1.0,0.995,0.995,inf,208.3333,1,0.5,0.5,0.0,5,0.0,0.0
Geant2010,3,B1,SM,8,871.0,976.0,976.0,1.0,0.8924,0.8924,inf,9.5238,1,0.5,0.5,0.0,5,0.0,0.0
Geant2010,3,B3,SM,1,1123.0,1008.0,1008.0,1.0,1.1141,1.1141,0.197,inf,0,0.5,0.5,0.0,5,0.0,0.0
Geant2010,3,B3,SM,2,1043.0,940.0,940.0,1.0,1.1096,1.1096,0.2187,inf,0,0.5,0.5,0.0,5,0.0,0.0
Geant2010,3,B3,SM,3,858.0,1014.4,1014.4,1.0,0.8458,0.8458,0.4288,6.3939,1,0.5,0.5,0.0,5,0.0,0.0
Geant2010,3,B3,SM,4,726.0,940.0,940.0,1.0,0.7723,0.7723,inf,4.6729,1,0.5,0.5,0.0,5,0.0,0.0
Geant2010,3,B3,SM,5,676.0,954.4,954.4,1.0,0.7083,0.7083,inf,3.592,1,0.5,0.5,0.0,5,0.0,0.0
Geant2010,3,B3,SM,6,687.0,951.2,951.2,1.0,0.7222,0.7222,inf,3.785,1,0.5,0.5,0.0,5,0.0,0.0
Geant2010,3,B3,SM,7,742.0,956.8,956.8,1.0,0.7755,0.7755,inf,4.6555,1,0.5,0.5,0.0,5,0.0,0.0
Geant2010,3,B3,SM,8,641.0,976.0,976.0,1.0,0.6568,0.6568,inf,2.9851,1,0.5,0.5,0.0,5,0.0,0.0
Geant2010,3,MCF_ARC,SM,1,904.0,1008.0,1008.0,1.0,0.8968,0.8968,0.2364,9.6154,1,0.5,0.5,0.0,5,0.0,0.0
Geant2010,3,MCF_ARC,SM,2,590.0,940.0,940.0,1.0,0.6277,0.6277,0.4374,2.8571,1,0.5,0.5,0.0,5,0.0,0.0
Geant2010,3,MCF_ARC,SM,3,548.0,1014.4,1014.4,1.0,0.5402,0.5402,0.7147,2.1441,1,0.5,0.5,0.0,5,0.0,0.0
Geant2010,3,MCF_ARC,SM,4,893.0,940.0,940.0,1.0,0.95,0.95,inf,21.2766,1,0.5,0.5,0.0,5,0.0,0.0
Geant2010,3,MCF_ARC,SM,5,905.0,954.4,954.4,1.0,0.9482,0.9482,inf,20.2429,1,0.5,0.5,0.0,5,0.0,0.0
Geant2010,3,MCF_ARC,SM,6,902.0,951.2,951.2,1.0,0.9483,0.9483,inf,20.3252,1,0.5,0.5,0.0,5,0.0,0.0
Geant2010,3,MCF_ARC,SM,7,907.0,956.8,956.8,1.0,0.948,0.948,inf,20.0803,1,0.5,0.5,0.0,5,0.0,0.0
Geant2010,3,MCF_ARC,SM,8,847.0,976.0,976.0,1.0,0.8678,0.8678,inf,7.7519,1,0.5,0.5,0.0,5,0.0,0.0
Geant2010,4,B1,SM,1,833.0,1014.4,1014.4,1.0,0.8212,0.8212,0.294,5.5127,1,0.5,0.5,0.0,5,0.0,0.0
Geant2010,4,B1,SM,2,567.0,1028.0,1028.0,1.0,0.5516,0.5516,0.389,2.1692,1,0.5,0.5,0.0,5,0.0,0.0
Geant2010,4,B1,SM,3,537.0,1054.4,1054.4,1.0,0.5093,0.5093,0.6442,1.9327,1,0.5,0.5,0.0,5,0.0,0.0
Geant2010,4,B1,SM,4,960.0,1014.4,1014.4,1.0,0.9464,0.9464,inf,18.3824,1,0.5,0.5,0.0,5,0.0,0.0
Geant2010,4,B1,SM,5,1014.0,1015.2,1015.2,1.0,0.9988,0.9988,0.0,833.3333,1,0.5,0.5,0.0,5,0.0,0.0
Geant2010,4,B1,SM,6,1018.0,1018.4,1018.4,1.0,0.9996,0.9996,inf,2500.0,1,0.5,0.5,0.0,5,0.0,0.0
Geant2010,4,B1,SM,7,1028.0,1029.6,1029.6,1.0,0.9984,0.9984,inf,625.0,1,0.5,0.5,0.0,5,0.0,0.0
Geant2010,4,B1,SM,8,1056.0,1070.4,1070.4,1.0,0.9865,0.9865,inf,69.4444,1,0.5,0.5,0.0,5,0.0,0.0
Geant2010,4,B3,SM,1,1016.0,1014.4,1014.4,1.0,1.0016,1.0016,0.196,inf,0,0.5,0.5,0.0,5,0.0,0.0
Geant2010,4,B3,SM,2,1296.0,1028.0,1028.0,1.0,1.2607,1.2607,0.1945,inf,0,0.5,0.5,0.0,5,0.0,0.0
Geant2010,4,B3,SM,3,927.0,1054.4,1054.4,1.0,0.8792,0.8792,0.3865,7.8493,1,0.5,0.5,0.0,5,0.0,0.0
Geant2010,4,B3,SM,4,783.0,1014.4,1014.4,1.0,0.7719,0.7719,inf,4.3215,1,0.5,0.5,0.0,5,0.0,0.0
Geant2010,4,B3,SM,5,819.0,1015.2,1015.2,1.0,0.8067,0.8067,inf,5.0968,1,0.5,0.5,0.0,5,0.0,0.0
Geant2010,4,B3,SM,6,695.0,1018.4,1018.4,1.0,0.6824,0.6824,inf,3.0921,1,0.5,0.5,0.0,5,0.0,0.0
Geant2010,4,B3,SM,7,687.0,1029.6,1029.6,1.0,0.6672,0.6672,inf,2.9189,1,0.5,0.5,0.0,5,0.0,0.0
Geant2010,4,B3,SM,8,790.0,1070.4,1070.4,1.0,0.738,0.738,inf,3.5663,1,0.5,0.5,0.0,5,0.0,0.0
Geant2010,4,MCF_ARC,SM,1,783.0,1014.4,1014.4,1.0,0.7719,0.7719,0.294,4.3215,1,0.5,0.5,0.0,5,0.0,0.0
Geant2010,4,MCF_ARC,SM,2,880.0,1028.0,1028.0,1.0,0.856,0.856,0.2917,6.7568,1,0.5,0.5,0.0,5,0.0,0.0
Geant2010,4,MCF_ARC,SM,3,537.0,1054.4,1054.4,1.0,0.5093,0.5093,0.6442,1.9327,1,0.5,0.5,0.0,5,0.0,0.0
Geant2010,4,MCF_ARC,SM,4,960.0,1014.4,1014.4,1.0,0.9464,0.9464,inf,18.3824,1,0.5,0.5,0.0,5,0.0,0.0
Geant2010,4,MCF_ARC,SM,5,958.0,1015.2,1015.2,1.0,0.9437,0.9437,inf,17.4825,1,0.5,0.5,0.0,5,0.0,0.0
Geant2010,4,MCF_ARC,SM,6,953.0,1018.4,1018.4,1.0,0.9358,0.9358,inf,15.2905,1,0.5,0.5,0.0,5,0.0,0.0
Geant2010,4,MCF_ARC,SM,7,961.0,1029.6,1029.6,1.0,0.9334,0.9334,inf,14.5773,1,0.5,0.5,0.0,5,0.0,0.0
Geant2010,4,MCF_ARC,SM,8,981.0,1070.4,1070.4,1.0,0.9165,0.9165,inf,11.1857,1,0.5,0.5,0.0,5,0.0,0.0
Bellcanada,0,B1,SM,1,204.0,1000.0,1000.0,1.0,0.204,0.204,1.2563,1.2563,1,0.5,0.5,0.0,5,0.0,0.0
Bellcanada,0,B1,SM,2,633.0,1000.0,1000.0,1.0,0.633,0.633,inf,2.7248,1,0.5,0.5,0.0,5,0.0,0.0
Bellcanada,0,B1,SM,3,1011.0,1011.2,1011.2,1.0,0.9998,0.9998,0.2531,5000.0,1,0.5,0.5,0.0,5,0.0,0.0
Bellcanada,0,B1,SM,4,927.0,1000.0,1000.0,1.0,0.927,0.927,2.7397,13.6986,1,0.5,0.5,0.0,5,0.0,0.0
Bellcanada,0,B1,SM,5,980.0,1000.0,1000.0,1.0,0.98,0.98,inf,50.0,1,0.5,0.5,0.0,5,0.0,0.0
Bellcanada,0,B1,SM,6,855.0,1000.0,1000.0,1.0,0.855,0.855,inf,6.8966,1,0.5,0.5,0.0,5,0.0,0.0
Bellcanada,0,B1,SM,7,975.0,1000.0,1000.0,1.0,0.975,0.975,0.0,40.0,1,0.5,0.5,0.0,5,0.0,0.0
Bellcanada,0,B1,SM,8,1070.0,1083.2,1083.2,1.0,0.9878,0.9878,inf,75.7576,1,0.5,0.5,0.0,5,0.0,0.0
Bellcanada,0,B1,SM,9,996.0,1000.0,1000.0,1.0,0.996,0.996,inf,250.0,1,0.5,0.5,0.0,5,0.0,0.0
Bellcanada,0,B1,SM,10,990.0,1000.0,1000.0,1.0,0.99,0.99,inf,100.0,1,0.5,0.5,0.0,5,0.0,0.0
Bellcanada,0,B3,SM,1,1140.0,1000.0,1000.0,1.0,1.14,1.14,0.1795,inf,0,0.5,0.5,0.0,5,0.0,0.0
Bellcanada,0,B3,SM,2,1625.0,1000.0,1000.0,1.0,1.625,1.625,0.1547,inf,0,0.5,0.5,0.0,5,0.0,0.0
Bellcanada,0,B3,SM,3,221.0,1011.2,1011.2,1.0,0.2186,0.2186,1.2655,1.2655,1,0.5,0.5,0.0,5,0.0,0.0
Bellcanada,0,B3,SM,4,758.0,1000.0,1000.0,1.0,0.758,0.758,3.4247,4.1322,1,0.5,0.5,0.0,5,0.0,0.0
Bellcanada,0,B3,SM,5,745.0,1000.0,1000.0,1.0,0.745,0.745,inf,3.9216,1,0.5,0.5,0.0,5,0.0,0.0
Bellcanada,0,B3,SM,6,860.0,1000.0,1000.0,1.0,0.86,0.86,inf,7.1429,1,0.5,0.5,0.0,5,0.0,0.0
Bellcanada,0,B3,SM,7,728.0,1000.0,1000.0,1.0,0.728,0.728,inf,3.6765,1,0.5,0.5,0.0,5,0.0,0.0
Bellcanada,0,B3,SM,8,862.0,1083.2,1083.2,1.0,0.7958,0.7958,inf,4.5208,1,0.5,0.5,0.0,5,0.0,0.0
Bellcanada,0,B3,SM,9,840.0,1000.0,1000.0,1.0,0.84,0.84,inf,6.25,1,0.5,0.5,0.0,5,0.0,0.0
Bellcanada,0,B3,SM,10,862.0,1000.0,1000.0,1.0,0.862,0.862,inf,7.2464,1,0.5,0.5,0.0,5,0.0,0.0
Bellcanada,0,MCF_ARC,SM,1,204.0,1000.0,1000.0,1.0,0.204,0.204,1.2563,1.2563,1,0.5,0.5,0.0,5,0.0,0.0
Bellcanada,0,MCF_ARC,SM,2,949.0,1000.0,1000.0,1.0,0.949,0.949,0.2475,19.6078,1,0.5,0.5,0.0,5,0.0,0.0
Bellcanada,0,MCF_ARC,SM,3,944.0,1011.2,1011.2,1.0,0.9335,0.9335,0.2531,14.881,1,0.5,0.5,0.0,5,0.0,0.0
Bellcanada,0,MCF_ARC,SM,4,927.0,1000.0,1000.0,1.0,0.927,0.927,2.7397,13.6986,1,0.5,0.5,0.0,5,0.0,0.0
Bellcanada,0,MCF_ARC,SM,5,949.0,1000.0,1000.0,1.0,0.949,0.949,inf,19.6078,1,0.5,0.5,0.0,5,0.0,0.0
Bellcanada,0,MCF_ARC,SM,6,932.0,1000.0,1000.0,1.0,0.932,0.932,inf,14.7059,1,0.5,0.5,0.0,5,0.0,0.0
Bellcanada,0,MCF_ARC,SM,7,939.0,1000.0,1000.0,1.0,0.939,0.939,inf,16.3934,1,0.5,0.5,0.0,5,0.0,0.0
Bellcanada,0,MCF_ARC,SM,8,942.0,1083.2,1083.2,1.0,0.8696,0.8696,inf,7.0822,1,0.5,0.5,0.0,5,0.0,0.0
Bellcanada,0,MCF_ARC,SM,9,938.0,1000.0,1000.0,1.0,0.938,0.938,inf,16.129,1,0.5,0.5,0.0,5,0.0,0.0
Bellcanada,0,MCF_ARC,SM,10,917.0,1000.0,1000.0,1.0,0.917,0.917,inf,12.0482,1,0.5,0.5,0.0,5,0.0,0.0
Bellcanada,1,B1,SM,1,172.0,1042.4,1042.4,1.0,0.165,0.165,1.1489,1.1489,1,0.5,0.5,0.0,5,0.0,0.0
Bellcanada,1,B1,SM,2,695.0,977.6,977.6,1.0,0.7109,0.7109,0.4406,3.5386,1,0.5,0.5,0.0,5,0.0,0.0
Bellcanada,1,B1,SM,3,951.0,977.6,977.6,1.0,0.9728,0.9728,0.2343,37.594,1,0.5,0.5,0.0,5,0.0,0.0
Bellcanada,1,B1,SM,4,1034.0,1042.4,1042.4,1.0,0.9919,0.9919,19.8413,119.0476,1,0.5,0.5,0.0,5,0.0,0.0
Bellcanada,1,B1,SM,5,949.0,982.4,982.4,1.0,0.966,0.966,inf,29.9401,1,0.5,0.5,0.0,5,0.0,0.0
Bellcanada,1,B1,SM,6,972.0,977.6,977.6,1.0,0.9943,0.9943,inf,178.5714,1,0.5,0.5,0.0,5,0.0,0.0
Bellcanada,1,B1,SM,7,892.0,977.6,977.6,1.0,0.9124,0.9124,inf,11.6822,1,0.5,0.5,0.0,5,0.0,0.0
Bellcanada,1,B1,SM,8,888.0,994.4,994.4,1.0,0.893,0.893,inf,9.3985,1,0.5,0.5,0.0,5,0.0,0.0
Bellcanada,1,B1,SM,9,921.0,977.6,977.6,1.0,0.9421,0.9421,inf,17.6678,1,0.5,0.5,0.0,5,0.0,0.0
Bellcanada,1,B1,SM,10,974.0,977.6,977.6,1.0,0.9963,0.9963,inf,277.7778,1,0.5,0.5,0.0,5,0.0,0.0
Bellcanada,1,B3,SM,1,1644.0,1042.4,1042.4,1.0,1.5771,1.5771,0.1436,inf,0,0.5,0.5,0.0,5,0.0,0.0
Bellcanada,1,B3,SM,2,221.0,977.6,977.6,1.0,0.2261,0.2261,1.3217,1.3217,1,0.5,0.5,0.0,5,0.0,0.0
Bellcanada,1,B3,SM,3,1103.0,977.6,977.6,1.0,1.1283,1.1283,0.1464,inf,0,0.5,0.5,0.0,5,0.0,0.0
Bellcanada,1,B3,SM,4,714.0,1042.4,1042.4,1.0,0.685,0.685,29.7619,3.0451,1,0.5,0.5,0.0,5,0.0,0.0
Bellcanada,1,B3,SM,5,807.0,982.4,982.4,1.0,0.8215,0.8215,inf,5.7013,1,0.5,0.5,0.0,5,0.0,0.0
Bellcanada,1,B3,SM,6,829.0,977.6,977.6,1.0,0.848,0.848,inf,6.7295,1,0.5,0.5,0.0,5,0.0,0.0
Bellcanada,1,B3,SM,7,716.0,977.6,977.6,1.0,0.7324,0.7324,inf,3.8226,1,0.5,0.5,0.0,5,0.0,0.0
Bellcanada,1,B3,SM,8,729.0,994.4,994.4,1.0,0.7331,0.7331,inf,3.7679,1,0.5,0.5,0.0,5,0.0,0.0
Bellcanada,1,B3,SM,9,841.0,977.6,977.6,1.0,0.8603,0.8603,inf,7.3206,1,0.5,0.5,0.0,5,0.0,0.0
Bellcanada,1,B3,SM,10,844.0,977.6,977.6,1.0,0.8633,0.8633,inf,7.485,1,0.5,0.5,0.0,5,0.0,0.0
Bellcanada,1,MCF_ARC,SM,1,386.0,1042.4,1042.4,1.0,0.3703,0.3703,0.5744,1.5235,1,0.5,0.5,0.0,5,0.0,0.0
Bellcanada,1,MCF_ARC,SM,2,856.0,977.6,977.6,1.0,0.8756,0.8756,0.3304,8.2237,1,0.5,0.5,0.0,5,0.0,0.0
Bellcanada,1,MCF_ARC,SM,3,926.0,977.6,977.6,1.0,0.9472,0.9472,0.1953,19.3798,1,0.5,0.5,0.0,5,0.0,0.0
Bellcanada,1,MCF_ARC,SM,4,896.0,1042.4,1042.4,1.0,0.8596,0.8596,23.8095,6.8306,1,0.5,0.5,0.0,5,0.0,0.0
Bellcanada,1,MCF_ARC,SM,5,921.0,982.4,982.4,1.0,0.9375,0.9375,inf,16.2866,1,0.5,0.5,0.0,5,0.0,0.0
Bellcanada,1,MCF_ARC,SM,6,846.0,977.6,977.6,1.0,0.8654,0.8654,inf,7.5988,1,0.5,0.5,0.0,5,0.0,0.0
Bellcanada,1,MCF_ARC,SM,7,892.0,977.6,977.6,1.0,0.9124,0.9124,inf,11.6822,1,0.5,0.5,0.0,5,0.0,0.0
Bellcanada,1,MCF_ARC,SM,8,918.0,994.4,994.4,1.0,0.9232,0.9232,inf,13.089,1,0.5,0.5,0.0,5,0.0,0.0
Bellcanada,1,MCF_ARC,SM,9,921.0,977.6,977.6,1.0,0.9421,0.9421,inf,17.6678,1,0.5,0.5,0.0,5,0.0,0.0
Bellcanada,1,MCF_ARC,SM,10,886.0,977.6,977.6,1.0,0.9063,0.9063,inf,10.917,1,0.5,0.5,0.0,5,0.0,0.0
Bellcanada,2,B1,SM,1,153.0,1104.0,1104.0,1.0,0.1386,0.1386,1.0515,1.0515,1,0.5,0.5,0.0,5,0.0,0.0
Bellcanada,2,B1,SM,2,781.0,1029.6,1029.6,1.0,0.7585,0.7585,0.3032,4.0225,1,0.5,0.5,0.0,5,0.0,0.0
Bellcanada,2,B1,SM,3,1025.0,1029.6,1029.6,1.0,0.9955,0.9955,0.2343,217.3913,1,0.5,0.5,0.0,5,0.0,0.0
Bellcanada,2,B1,SM,4,881.0,1039.2,1039.2,1.0,0.8478,0.8478,1.2642,6.3211,1,0.5,0.5,0.0,5,0.0,0.0
Bellcanada,2,B1,SM,5,988.0,1029.6,1029.6,1.0,0.9596,0.9596,inf,24.0385,1,0.5,0.5,0.0,5,0.0,0.0
Bellcanada,2,B1,SM,6,949.0,1039.2,1039.2,1.0,0.9132,0.9132,inf,11.0865,1,0.5,0.5,0.0,5,0.0,0.0
Bellcanada,2,B1,SM,7,1035.0,1036.0,1036.0,1.0,0.999,0.999,inf,1000.0,1,0.5,0.5,0.0,5,0.0,0.0
Bellcanada,2,B1,SM,8,997.0,1029.6,1029.6,1.0,0.9683,0.9683,inf,30.6748,1,0.5,0.5,0.0,5,0.0,0.0
Bellcanada,2,B1,SM,9,1030.0,1036.0,1036.0,1.0,0.9942,0.9942,inf,166.6667,1,0.5,0.5,0.0,5,0.0,0.0
Bellcanada,2,B1,SM,10,1059.0,1063.2,1063.2,1.0,0.996,0.996,inf,238.0952,1,0.5,0.5,0.0,5,0.0,0.0
Bellcanada,2,B3,SM,1,1455.0,1104.0,1104.0,1.0,1.3179,1.3179,0.1502,inf,0,0.5,0.5,0.0,5,0.0,0.0
Bellcanada,2,B3,SM,2,376.0,1029.6,1029.6,1.0,0.3652,0.3652,0.6064,1.53,1,0.5,0.5,0.0,5,0.0,0.0
Bellcanada,2,B3,SM,3,1202.0,1029.6,1029.6,1.0,1.1674,1.1674,0.1674,inf,0,0.5,0.5,0.0,5,0.0,0.0
Bellcanada,2,B3,SM,4,881.0,1039.2,1039.2,1.0,0.8478,0.8478,1.2642,6.3211,1,0.5,0.5,0.0,5,0.0,0.0
Bellcanada,2,B3,SM,5,811.0,1029.6,1029.6,1.0,0.7877,0.7877,inf,4.5746,1,0.5,0.5,0.0,5,0.0,0.0
Bellcanada,2,B3,SM,6,878.0,1039.2,1039.2,1.0,0.8449,0.8449,inf,6.2035,1,0.5,0.5,0.0,5,0.0,0.0
Bellcanada,2,B3,SM,7,887.0,1036.0,1036.0,1.0,0.8562,0.8562,inf,6.7114,1,0.5,0.5,0.0,5,0.0,0.0
Bellcanada,2,B3,SM,8,720.0,1029.6,1029.6,1.0,0.6993,0.6993,inf,3.23,1,0.5,0.5,0.0,5,0.0,0.0
Bellcanada,2,B3,SM,9,802.0,1036.0,1036.0,1.0,0.7741,0.7741,inf,4.2735,1,0.5,0.5,0.0,5,0.0,0.0
Bellcanada,2,B3,SM,10,886.0,1063.2,1063.2,1.0,0.8333,0.8333,inf,5.6433,1,0.5,0.5,0.0,5,0.0,0.0
Bellcanada,2,MCF_ARC,SM,1,411.0,1104.0,1104.0,1.0,0.3723,0.3723,0.5258,1.443,1,0.5,0.5,0.0,5,0.0,0.0
Bellcanada,2,MCF_ARC,SM,2,946.0,1029.6,1029.6,1.0,0.9188,0.9188,0.2425,11.9617,1,0.5,0.5,0.0,5,0.0,0.0
Bellcanada,2,MCF_ARC,SM,3,976.0,1029.6,1029.6,1.0,0.9479,0.9479,0.2343,18.6567,1,0.5,0.5,0.0,5,0.0,0.0
Bellcanada,2,MCF_ARC,SM,4,881.0,1039.2,1039.2,1.0,0.8478,0.8478,1.2642,6.3211,1,0.5,0.5,0.0,5,0.0,0.0
Bellcanada,2,MCF_ARC,SM,5,978.0,1029.6,1029.6,1.0,0.9499,0.9499,inf,19.3798,1,0.5,0.5,0.0,5,0.0,0.0
Bellcanada,2,MCF_ARC,SM,6,984.0,1039.2,1039.2,1.0,0.9469,0.9469,inf,18.1159,1,0.5,0.5,0.0,5,0.0,0.0
Bellcanada,2,MCF_ARC,SM,7,863.0,1036.0,1036.0,1.0,0.833,0.833,inf,5.7803,1,0.5,0.5,0.0,5,0.0,0.0
Bellcanada,2,MCF_ARC,SM,8,882.0,1029.6,1029.6,1.0,0.8566,0.8566,inf,6.7751,1,0.5,0.5,0.0,5,0.0,0.0
Bellcanada,2,MCF_ARC,SM,9,977.0,1036.0,1036.0,1.0,0.9431,0.9431,inf,16.9492,1,0.5,0.5,0.0,5,0.0,0.0
Bellcanada,2,MCF_ARC,SM,10,1000.0,1063.2,1063.2,1.0,0.9406,0.9406,inf,15.8228,1,0.5,0.5,0.0,5,0.0,0.0
Bellcanada,3,B1,SM,1,361.0,1046.4,1046.4,1.0,0.345,0.345,1.1493,1.459,1,0.5,0.5,0.0,5,0.0,0.0
Bellcanada,3,B1,SM,2,753.0,977.6,977.6,1.0,0.7703,0.7703,inf,4.4524,1,0.5,0.5,0.0,5,0.0,0.0
Bellcanada,3,B1,SM,3,989.0,1055.2,1055.2,1.0,0.9373,0.9373,0.0,15.1057,1,0.5,0.5,0.0,5,0.0,0.0
Bellcanada,3,B1,SM,4,582.0,977.6,977.6,1.0,0.5953,0.5953,0.8426,2.5278,1,0.5,0.5,0.0,5,0.0,0.0
Bellcanada,3,B1,SM,5,922.0,990.4,990.4,1.0,0.9309,0.9309,inf,14.6199,1,0.5,0.5,0.0,5,0.0,0.0
Bellcanada,3,B1,SM,6,895.0,988.0,988.0,1.0,0.9059,0.9059,inf,10.7527,1,0.5,0.5,0.0,5,0.0,0.0
Bellcanada,3,B1,SM,7,973.0,1003.2,1003.2,1.0,0.9699,0.9699,0.0,33.1126,1,0.5,0.5,0.0,5,0.0,0.0
Bellcanada,3,B1,SM,8,953.0,1033.6,1033.6,1.0,0.922,0.922,inf,12.4069,1,0.5,0.5,0.0,5,0.0,0.0
Bellcanada,3,B1,SM,9,1042.0,1046.4,1046.4,1.0,0.9958,0.9958,inf,227.2727,1,0.5,0.5,0.0,5,0.0,0.0
Bellcanada,3,B1,SM,10,977.0,977.6,977.6,1.0,0.9994,0.9994,inf,1666.6667,1,0.5,0.5,0.0,5,0.0,0.0
Bellcanada,3,B3,SM,1,1334.0,1046.4,1046.4,1.0,1.2748,1.2748,0.1615,inf,0,0.5,0.5,0.0,5,0.0,0.0
Bellcanada,3,B3,SM,2,893.0,977.6,977.6,1.0,0.9135,0.9135,0.2084,11.8203,1,0.5,0.5,0.0,5,0.0,0.0
Bellcanada,3,B3,SM,3,1266.0,1055.2,1055.2,1.0,1.1998,1.1998,0.1669,inf,0,0.5,0.5,0.0,5,0.0,0.0
Bellcanada,3,B3,SM,4,582.0,977.6,977.6,1.0,0.5953,0.5953,0.8426,2.5278,1,0.5,0.5,0.0,5,0.0,0.0
Bellcanada,3,B3,SM,5,759.0,990.4,990.4,1.0,0.7664,0.7664,inf,4.3215,1,0.5,0.5,0.0,5,0.0,0.0
Bellcanada,3,B3,SM,6,688.0,988.0,988.0,1.0,0.6964,0.6964,inf,3.3333,1,0.5,0.5,0.0,5,0.0,0.0
Bellcanada,3,B3,SM,7,707.0,1003.2,1003.2,1.0,0.7047,0.7047,inf,3.3761,1,0.5,0.5,0.0,5,0.0,0.0
Bellcanada,3,B3,SM,8,778.0,1033.6,1033.6,1.0,0.7527,0.7527,inf,3.9124,1,0.5,0.5,0.0,5,0.0,0.0
Bellcanada,3,B3,SM,9,719.0,1046.4,1046.4,1.0,0.6871,0.6871,inf,3.0544,1,0.5,0.5,0.0,5,0.0,0.0
Bellcanada,3,B3,SM,10,721.0,977.6,977.6,1.0,0.7375,0.7375,inf,3.8971,1,0.5,0.5,0.0,5,0.0,0.0
Bellcanada,3,MCF_ARC,SM,1,372.0,1046.4,1046.4,1.0,0.3555,0.3555,0.5654,1.4828,1,0.5,0.5,0.0,5,0.0,0.0
Bellcanada,3,MCF_ARC,SM,2,910.0,977.6,977.6,1.0,0.9309,0.9309,0.2501,14.7929,1,0.5,0.5,0.0,5,0.0,0.0
Bellcanada,3,MCF_ARC,SM,3,961.0,1055.2,1055.2,1.0,0.9107,0.9107,0.2336,10.6157,1,0.5,0.5,0.0,5,0.0,0.0
Bellcanada,3,MCF_ARC,SM,4,582.0,977.6,977.6,1.0,0.5953,0.5953,0.8426,2.5278,1,0.5,0.5,0.0,5,0.0,0.0
Bellcanada,3,MCF_ARC,SM,5,934.0,990.4,990.4,1.0,0.9431,0.9431,inf,17.7305,1,0.5,0.5,0.0,5,0.0,0.0
Bellcanada,3,MCF_ARC,SM,6,893.0,988.0,988.0,1.0,0.9038,0.9038,inf,10.5263,1,0.5,0.5,0.0,5,0.0,0.0
Bellcanada,3,MCF_ARC,SM,7,953.0,1003.2,1003.2,1.0,0.95,0.95,inf,19.9203,1,0.5,0.5,0.0,5,0.0,0.0
Bellcanada,3,MCF_ARC,SM,8,974.0,1033.6,1033.6,1.0,0.9423,0.9423,inf,16.7785,1,0.5,0.5,0.0,5,0.0,0.0
Bellcanada,3,MCF_ARC,SM,9,985.0,1046.4,1046.4,1.0,0.9413,0.9413,inf,16.2866,1,0.5,0.5,0.0,5,0.0,0.0
Bellcanada,3,MCF_ARC,SM,10,883.0,977.6,977.6,1.0,0.9032,0.9032,inf,10.5708,1,0.5,0.5,0.0,5,0.0,0.0
Bellcanada,4,B1,SM,1,164.0,1025.6,1025.6,1.0,0.1599,0.1599,1.1606,1.1606,1,0.5,0.5,0.0,5,0.0,0.0
Bellcanada,4,B1,SM,2,593.0,1036.0,1036.0,1.0,0.5724,0.5724,0.3854,2.2573,1,0.5,0.5,0.0,5,0.0,0.0
Bellcanada,4,B1,SM,3,1099.0,1099.2,1099.2,1.0,0.9998,0.9998,0.1758,5000.0,1,0.5,0.5,0.0,5,0.0,0.0
Bellcanada,4,B1,SM,4,899.0,1025.6,1025.6,1.0,0.8766,0.8766,1.5798,7.8989,1,0.5,0.5,0.0,5,0.0,0.0
Bellcanada,4,B1,SM,5,1024.0,1025.6,1025.6,1.0,0.9984,0.9984,inf,625.0,1,0.5,0.5,0.0,5,0.0,0.0
Bellcanada,4,B1,SM,6,893.0,1027.2,1027.2,1.0,0.8694,0.8694,inf,7.4516,1,0.5,0.5,0.0,5,0.0,0.0
Bellcanada,4,B1,SM,7,1030.0,1037.6,1037.6,1.0,0.9927,0.9927,inf,131.5789,1,0.5,0.5,0.0,5,0.0,0.0
Bellcanada,4,B1,SM,8,1087.0,1107.2,1107.2,1.0,0.9818,0.9818,inf,49.505,1,0.5,0.5,0.0,5,0.0,0.0
Bellcanada,4,B1,SM,9,1107.0,1107.2,1107.2,1.0,0.9998,0.9998,inf,5000.0,1,0.5,0.5,0.0,5,0.0,0.0
Bellcanada,4,B1,SM,10,966.0,1025.6,1025.6,1.0,0.9419,0.9419,inf,16.7785,1,0.5,0.5,0.0,5,0.0,0.0
Bellcanada,4,B3,SM,1,164.0,1025.6,1025.6,1.0,0.1599,0.1599,1.1606,1.1606,1,0.5,0.5,0.0,5,0.0,0.0
Bellcanada,4,B3,SM,2,1226.0,1036.0,1036.0,1.0,1.1834,1.1834,0.1652,inf,0,0.5,0.5,0.0,5,0.0,0.0
Bellcanada,4,B3,SM,3,1635.0,1099.2,1099.2,1.0,1.4874,1.4874,0.1318,inf,0,0.5,0.5,0.0,5,0.0,0.0
Bellcanada,4,B3,SM,4,736.0,1025.6,1025.6,1.0,0.7176,0.7176,1.9747,3.453,1,0.5,0.5,0.0,5,0.0,0.0
Bellcanada,4,B3,SM,5,811.0,1025.6,1025.6,1.0,0.7908,0.7908,inf,4.6598,1,0.5,0.5,0.0,5,0.0,0.0
Bellcanada,4,B3,SM,6,882.0,1027.2,1027.2,1.0,0.8586,0.8586,inf,6.8871,1,0.5,0.5,0.0,5,0.0,0.0
Bellcanada,4,B3,SM,7,879.0,1037.6,1037.6,1.0,0.8471,0.8471,inf,6.3052,1,0.5,0.5,0.0,5,0.0,0.0
Bellcanada,4,B3,SM,8,851.0,1107.2,1107.2,1.0,0.7686,0.7686,inf,3.9032,1,0.5,0.5,0.0,5,0.0,0.0
Bellcanada,4,B3,SM,9,884.0,1107.2,1107.2,1.0,0.7984,0.7984,inf,4.4803,1,0.5,0.5,0.0,5,0.0,0.0
Bellcanada,4,B3,SM,10,794.0,1025.6,1025.6,1.0,0.7742,0.7742,inf,4.3178,1,0.5,0.5,0.0,5,0.0,0.0
Bellcanada,4,MCF_ARC,SM,1,164.0,1025.6,1025.6,1.0,0.1599,0.1599,1.1606,1.1606,1,0.5,0.5,0.0,5,0.0,0.0
Bellcanada,4,MCF_ARC,SM,2,939.0,1036.0,1036.0,1.0,0.9064,0.9064,0.2312,10.3093,1,0.5,0.5,0.0,5,0.0,0.0
Bellcanada,4,MCF_ARC,SM,3,1012.0,1099.2,1099.2,1.0,0.9207,0.9207,0.2109,11.4679,1,0.5,0.5,0.0,5,0.0,0.0
Bellcanada,4,MCF_ARC,SM,4,899.0,1025.6,1025.6,1.0,0.8766,0.8766,1.5798,7.8989,1,0.5,0.5,0.0,5,0.0,0.0
Bellcanada,4,MCF_ARC,SM,5,954.0,1025.6,1025.6,1.0,0.9302,0.9302,inf,13.9665,1,0.5,0.5,0.0,5,0.0,0.0
Bellcanada,4,MCF_ARC,SM,6,917.0,1027.2,1027.2,1.0,0.8927,0.8927,inf,9.0744,1,0.5,0.5,0.0,5,0.0,0.0
Bellcanada,4,MCF_ARC,SM,7,945.0,1037.6,1037.6,1.0,0.9108,0.9108,inf,10.7991,1,0.5,0.5,0.0,5,0.0,0.0
Bellcanada,4,MCF_ARC,SM,8,1033.0,1107.2,1107.2,1.0,0.933,0.933,inf,13.4771,1,0.5,0.5,0.0,5,0.0,0.0
Bellcanada,4,MCF_ARC,SM,9,1033.0,1107.2,1107.2,1.0,0.933,0.933,inf,13.4771,1,0.5,0.5,0.0,5,0.0,0.0
Bellcanada,4,MCF_ARC,SM,10,966.0,1025.6,1025.6,1.0,0.9419,0.9419,inf,16.7785,1,0.5,0.5,0.0,5,0.0,0.0
Iris,0,B1,SM,1,914.0,958.4,958.4,1.0,0.9537,0.9537,0.2651,22.5225,1,0.5,0.5,0.0,5,0.0,0.0
Iris,0,B1,SM,2,949.0,958.4,958.4,1.0,0.9902,0.9902,0.261,106.383,1,0.5,0.5,0.0,5,0.0,0.0
Iris,0,B1,SM,3,221.0,1045.6,1045.6,1.0,0.2114,0.2114,1.2127,1.2127,1,0.5,0.5,0.0,5,0.0,0.0
Iris,0,B1,SM,4,549.0,963.2,963.2,1.0,0.57,0.57,0.8048,2.4143,1,0.5,0.5,0.0,5,0.0,0.0
Iris,0,B1,SM,5,946.0,958.4,958.4,1.0,0.9871,0.9871,inf,80.6452,1,0.5,0.5,0.0,5,0.0,0.0
Iris,0,B1,SM,6,945.0,958.4,958.4,1.0,0.986,0.986,inf,74.6269,1,0.5,0.5,0.0,5,0.0,0.0
Iris,0,B1,SM,7,920.0,958.4,958.4,1.0,0.9599,0.9599,inf,26.0417,1,0.5,0.5,0.0,5,0.0,0.0
Iris,0,B1,SM,8,955.0,958.4,958.4,1.0,0.9965,0.9965,inf,294.1176,1,0.5,0.5,0.0,5,0.0,0.0
Iris,0,B1,SM,9,1037.0,1038.4,1038.4,1.0,0.9987,0.9987,inf,714.2857,1,0.5,0.5,0.0,5,0.0,0.0
Iris,0,B1,SM,10,848.0,958.4,958.4,1.0,0.8848,0.8848,inf,9.058,1,0.5,0.5,0.0,5,0.0,0.0
Iris,0,B1,SM,11,823.0,958.4,958.4,1.0,0.8587,0.8587,inf,7.3855,1,0.5,0.5,0.0,5,0.0,0.0
Iris,0,B3,SM,1,559.0,958.4,958.4,1.0,0.5833,0.5833,0.4419,2.5038,1,0.5,0.5,0.0,5,0.0,0.0
Iris,0,B3,SM,2,1364.0,958.4,958.4,1.0,1.4232,1.4232,0.1631,inf,0,0.5,0.5,0.0,5,0.0,0.0
Iris,0,B3,SM,3,1610.0,1045.6,1045.6,1.0,1.5398,1.5398,0.1516,inf,0,0.5,0.5,0.0,5,0.0,0.0
Iris,0,B3,SM,4,549.0,963.2,963.2,1.0,0.57,0.57,0.8048,2.4143,1,0.5,0.5,0.0,5,0.0,0.0
Iris,0,B3,SM,5,712.0,958.4,958.4,1.0,0.7429,0.7429,inf,4.0584,1,0.5,0.5,0.0,5,0.0,0.0
Iris,0,B3,SM,6,742.0,958.4,958.4,1.0,0.7742,0.7742,inf,4.6211,1,0.5,0.5,0.0,5,0.0,0.0
Iris,0,B3,SM,7,735.0,958.4,958.4,1.0,0.7669,0.7669,inf,4.4763,1,0.5,0.5,0.0,5,0.0,0.0
Iris,0,B3,SM,8,684.0,958.4,958.4,1.0,0.7137,0.7137,inf,3.6443,1,0.5,0.5,0.0,5,0.0,0.0
Iris,0,B3,SM,9,628.0,1038.4,1038.4,1.0,0.6048,0.6048,inf,2.4366,1,0.5,0.5,0.0,5,0.0,0.0
Iris,0,B3,SM,10,701.0,958.4,958.4,1.0,0.7314,0.7314,inf,3.885,1,0.5,0.5,0.0,5,0.0,0.0
Iris,0,B3,SM,11,823.0,958.4,958.4,1.0,0.8587,0.8587,inf,7.3855,1,0.5,0.5,0.0,5,0.0,0.0
Iris,0,MCF_ARC,SM,1,875.0,958.4,958.4,1.0,0.913,0.913,0.2651,11.9904,1,0.5,0.5,0.0,5,0.0,0.0
Iris,0,MCF_ARC,SM,2,909.0,958.4,958.4,1.0,0.9485,0.9485,0.261,20.2429,1,0.5,0.5,0.0,5,0.0,0.0
Iris,0,MCF_ARC,SM,3,221.0,1045.6,1045.6,1.0,0.2114,0.2114,1.2127,1.2127,1,0.5,0.5,0.0,5,0.0,0.0
Iris,0,MCF_ARC,SM,4,777.0,963.2,963.2,1.0,0.8067,0.8067,0.6036,5.3706,1,0.5,0.5,0.0,5,0.0,0.0
Iris,0,MCF_ARC,SM,5,908.0,958.4,958.4,1.0,0.9474,0.9474,inf,19.8413,1,0.5,0.5,0.0,5,0.0,0.0
Iris,0,MCF_ARC,SM,6,910.0,958.4,958.4,1.0,0.9495,0.9495,inf,20.6612,1,0.5,0.5,0.0,5,0.0,0.0
Iris,0,MCF_ARC,SM,7,907.0,958.4,958.4,1.0,0.9464,0.9464,inf,19.4553,1,0.5,0.5,0.0,5,0.0,0.0
Iris,0,MCF_ARC,SM,8,910.0,958.4,958.4,1.0,0.9495,0.9495,inf,20.6612,1,0.5,0.5,0.0,5,0.0,0.0
Iris,0,MCF_ARC,SM,9,980.0,1038.4,1038.4,1.0,0.9438,0.9438,inf,17.1233,1,0.5,0.5,0.0,5,0.0,0.0
Iris,0,MCF_ARC,SM,10,875.0,958.4,958.4,1.0,0.913,0.913,inf,11.9904,1,0.5,0.5,0.0,5,0.0,0.0
Iris,0,MCF_ARC,SM,11,835.0,958.4,958.4,1.0,0.8712,0.8712,inf,8.1037,1,0.5,0.5,0.0,5,0.0,0.0
Iris,1,B1,SM,1,745.0,1018.4,1018.4,1.0,0.7315,0.7315,0.2954,3.6576,1,0.5,0.5,0.0,5,0.0,0.0
Iris,1,B1,SM,2,952.0,952.8,952.8,1.0,0.9992,0.9992,0.2733,1250.0,1,0.5,0.5,0.0,5,0.0,0.0
Iris,1,B1,SM,3,124.0,952.8,952.8,1.0,0.1301,0.1301,1.2066,1.2066,1,0.5,0.5,0.0,5,0.0,0.0
Iris,1,B1,SM,4,788.0,1018.4,1018.4,1.0,0.7738,0.7738,1.0851,4.3403,1,0.5,0.5,0.0,5,0.0,0.0
Iris,1,B1,SM,5,952.0,954.4,954.4,1.0,0.9975,0.9975,inf,416.6667,1,0.5,0.5,0.0,5,0.0,0.0
Iris,1,B1,SM,6,944.0,952.8,952.8,1.0,0.9908,0.9908,inf,113.6364,1,0.5,0.5,0.0,5,0.0,0.0
Iris,1,B1,SM,7,947.0,952.8,952.8,1.0,0.9939,0.9939,inf,172.4138,1,0.5,0.5,0.0,5,0.0,0.0
Iris,1,B1,SM,8,953.0,968.8,968.8,1.0,0.9837,0.9837,inf,63.2911,1,0.5,0.5,0.0,5,0.0,0.0
Iris,1,B1,SM,9,914.0,952.8,952.8,1.0,0.9593,0.9593,inf,25.7732,1,0.5,0.5,0.0,5,0.0,0.0
Iris,1,B1,SM,10,938.0,952.8,952.8,1.0,0.9845,0.9845,inf,67.5676,1,0.5,0.5,0.0,5,0.0,0.0
Iris,1,B1,SM,11,801.0,952.8,952.8,1.0,0.8407,0.8407,inf,6.5876,1,0.5,0.5,0.0,5,0.0,0.0
Iris,1,B3,SM,1,1458.0,1018.4,1018.4,1.0,1.4317,1.4317,0.1477,inf,0,0.5,0.5,0.0,5,0.0,0.0
Iris,1,B3,SM,2,351.0,952.8,952.8,1.0,0.3684,0.3684,0.6832,1.6617,1,0.5,0.5,0.0,5,0.0,0.0
Iris,1,B3,SM,3,1212.0,952.8,952.8,1.0,1.272,1.272,0.1508,inf,0,0.5,0.5,0.0,5,0.0,0.0
Iris,1,B3,SM,4,788.0,1018.4,1018.4,1.0,0.7738,0.7738,1.0851,4.3403,1,0.5,0.5,0.0,5,0.0,0.0
Iris,1,B3,SM,5,689.0,954.4,954.4,1.0,0.7219,0.7219,inf,3.7679,1,0.5,0.5,0.0,5,0.0,0.0
Iris,1,B3,SM,6,730.0,952.8,952.8,1.0,0.7662,0.7662,inf,4.4883,1,0.5,0.5,0.0,5,0.0,0.0
Iris,1,B3,SM,7,741.0,952.8,952.8,1.0,0.7777,0.7777,inf,4.7214,1,0.5,0.5,0.0,5,0.0,0.0
Iris,1,B3,SM,8,812.0,968.8,968.8,1.0,0.8382,0.8382,inf,6.3776,1,0.5,0.5,0.0,5,0.0,0.0
Iris,1,B3,SM,9,761.0,952.8,952.8,1.0,0.7987,0.7987,inf,5.2138,1,0.5,0.5,0.0,5,0.0,0.0
Iris,1,B3,SM,10,812.0,952.8,952.8,1.0,0.8522,0.8522,inf,7.1023,1,0.5,0.5,0.0,5,0.0,0.0
Iris,1,B3,SM,11,704.0,952.8,952.8,1.0,0.7389,0.7389,inf,4.0193,1,0.5,0.5,0.0,5,0.0,0.0
Iris,1,MCF_ARC,SM,1,941.0,1018.4,1018.4,1.0,0.924,0.924,0.1969,12.9199,1,0.5,0.5,0.0,5,0.0,0.0
Iris,1,MCF_ARC,SM,2,888.0,952.8,952.8,1.0,0.932,0.932,0.2733,15.4321,1,0.5,0.5,0.0,5,0.0,0.0
Iris,1,MCF_ARC,SM,3,124.0,952.8,952.8,1.0,0.1301,0.1301,1.2066,1.2066,1,0.5,0.5,0.0,5,0.0,0.0
Iris,1,MCF_ARC,SM,4,788.0,1018.4,1018.4,1.0,0.7738,0.7738,1.0851,4.3403,1,0.5,0.5,0.0,5,0.0,0.0
Iris,1,MCF_ARC,SM,5,903.0,954.4,954.4,1.0,0.9461,0.9461,inf,19.4553,1,0.5,0.5,0.0,5,0.0,0.0
Iris,1,MCF_ARC,SM,6,902.0,952.8,952.8,1.0,0.9467,0.9467,inf,19.685,1,0.5,0.5,0.0,5,0.0,0.0
Iris,1,MCF_ARC,SM,7,901.0,952.8,952.8,1.0,0.9456,0.9456,inf,19.305,1,0.5,0.5,0.0,5,0.0,0.0
Iris,1,MCF_ARC,SM,8,920.0,968.8,968.8,1.0,0.9496,0.9496,inf,20.4918,1,0.5,0.5,0.0,5,0.0,0.0
Iris,1,MCF_ARC,SM,9,898.0,952.8,952.8,1.0,0.9425,0.9425,inf,18.2482,1,0.5,0.5,0.0,5,0.0,0.0
Iris,1,MCF_ARC,SM,10,893.0,952.8,952.8,1.0,0.9372,0.9372,inf,16.7224,1,0.5,0.5,0.0,5,0.0,0.0
Iris,1,MCF_ARC,SM,11,900.0,952.8,952.8,1.0,0.9446,0.9446,inf,18.9394,1,0.5,0.5,0.0,5,0.0,0.0
Iris,2,B1,SM,1,1070.0,1081.6,1081.6,1.0,0.9893,0.9893,0.1795,86.2069,1,0.5,0.5,0.0,5,0.0,0.0
Iris,2,B1,SM,2,916.0,990.4,990.4,1.0,0.9249,0.9249,0.3183,13.4409,1,0.5,0.5,0.0,5,0.0,0.0
Iris,2,B1,SM,3,176.0,989.6,989.6,1.0,0.1778,0.1778,1.2291,1.2291,1,0.5,0.5,0.0,5,0.0,0.0
Iris,2,B1,SM,4,353.0,1019.2,1019.2,1.0,0.3464,0.3464,0.7505,1.5011,1,0.5,0.5,0.0,5,0.0,0.0
Iris,2,B1,SM,5,989.0,990.4,990.4,1.0,0.9986,0.9986,inf,714.2857,1,0.5,0.5,0.0,5,0.0,0.0
Iris,2,B1,SM,6,1017.0,1019.2,1019.2,1.0,0.9978,0.9978,0.0,454.5455,1,0.5,0.5,0.0,5,0.0,0.0
Iris,2,B1,SM,7,986.0,993.6,993.6,1.0,0.9924,0.9924,inf,131.5789,1,0.5,0.5,0.0,5,0.0,0.0
Iris,2,B1,SM,8,989.0,989.6,989.6,1.0,0.9994,0.9994,inf,1666.6667,1,0.5,0.5,0.0,5,0.0,0.0
Iris,2,B1,SM,9,962.0,993.6,993.6,1.0,0.9682,0.9682,inf,31.6456,1,0.5,0.5,0.0,5,0.0,0.0
Iris,2,B1,SM,10,973.0,1051.2,1051.2,1.0,0.9256,0.9256,inf,12.7877,1,0.5,0.5,0.0,5,0.0,0.0
Iris,2,B1,SM,11,973.0,989.6,989.6,1.0,0.9832,0.9832,inf,60.241,1,0.5,0.5,0.0,5,0.0,0.0
Iris,2,B3,SM,1,1579.0,1081.6,1081.6,1.0,1.4599,1.4599,0.1346,inf,0,0.5,0.5,0.0,5,0.0,0.0
Iris,2,B3,SM,2,503.0,990.4,990.4,1.0,0.5079,0.5079,0.4244,2.0517,1,0.5,0.5,0.0,5,0.0,0.0
Iris,2,B3,SM,3,1467.0,989.6,989.6,1.0,1.4824,1.4824,0.1536,inf,0,0.5,0.5,0.0,5,0.0,0.0
Iris,2,B3,SM,4,353.0,1019.2,1019.2,1.0,0.3464,0.3464,0.7505,1.5011,1,0.5,0.5,0.0,5,0.0,0.0
Iris,2,B3,SM,5,845.0,990.4,990.4,1.0,0.8532,0.8532,inf,6.8776,1,0.5,0.5,0.0,5,0.0,0.0
Iris,2,B3,SM,6,788.0,1019.2,1019.2,1.0,0.7732,0.7732,inf,4.3253,1,0.5,0.5,0.0,5,0.0,0.0
Iris,2,B3,SM,7,795.0,993.6,993.6,1.0,0.8001,0.8001,inf,5.0352,1,0.5,0.5,0.0,5,0.0,0.0
Iris,2,B3,SM,8,848.0,989.6,989.6,1.0,0.8569,0.8569,inf,7.0621,1,0.5,0.5,0.0,5,0.0,0.0
Iris,2,B3,SM,9,688.0,993.6,993.6,1.0,0.6924,0.6924,inf,3.2723,1,0.5,0.5,0.0,5,0.0,0.0
Iris,2,B3,SM,10,757.0,1051.2,1051.2,1.0,0.7201,0.7201,inf,3.399,1,0.5,0.5,0.0,5,0.0,0.0
Iris,2,B3,SM,11,781.0,989.6,989.6,1.0,0.7892,0.7892,inf,4.7939,1,0.5,0.5,0.0,5,0.0,0.0
Iris,2,MCF_ARC,SM,1,1009.0,1081.6,1081.6,1.0,0.9329,0.9329,0.1795,13.7741,1,0.5,0.5,0.0,5,0.0,0.0
Iris,2,MCF_ARC,SM,2,938.0,990.4,990.4,1.0,0.9471,0.9471,0.2546,19.084,1,0.5,0.5,0.0,5,0.0,0.0
Iris,2,MCF_ARC,SM,3,176.0,989.6,989.6,1.0,0.1778,0.1778,1.2291,1.2291,1,0.5,0.5,0.0,5,0.0,0.0
Iris,2,MCF_ARC,SM,4,789.0,1019.2,1019.2,1.0,0.7741,0.7741,0.3753,4.344,1,0.5,0.5,0.0,5,0.0,0.0
Iris,2,MCF_ARC,SM,5,914.0,990.4,990.4,1.0,0.9229,0.9229,inf,13.089,1,0.5,0.5,0.0,5,0.0,0.0
Iris,2,MCF_ARC,SM,6,968.0,1019.2,1019.2,1.0,0.9498,0.9498,inf,19.5312,1,0.5,0.5,0.0,5,0.0,0.0
Iris,2,MCF_ARC,SM,7,943.0,993.6,993.6,1.0,0.9491,0.9491,inf,19.7628,1,0.5,0.5,0.0,5,0.0,0.0
Iris,2,MCF_ARC,SM,8,938.0,989.6,989.6,1.0,0.9479,0.9479,inf,19.3798,1,0.5,0.5,0.0,5,0.0,0.0
Iris,2,MCF_ARC,SM,9,937.0,993.6,993.6,1.0,0.943,0.943,inf,17.6678,1,0.5,0.5,0.0,5,0.0,0.0
Iris,2,MCF_ARC,SM,10,973.0,1051.2,1051.2,1.0,0.9256,0.9256,inf,12.7877,1,0.5,0.5,0.0,5,0.0,0.0
Iris,2,MCF_ARC,SM,11,819.0,989.6,989.6,1.0,0.8276,0.8276,inf,5.8617,1,0.5,0.5,0.0,5,0.0,0.0
Iris,3,B1,SM,1,913.0,1017.6,1017.6,1.0,0.8972,0.8972,0.2338,9.5602,1,0.5,0.5,0.0,5,0.0,0.0
Iris,3,B1,SM,2,907.0,950.4,950.4,1.0,0.9543,0.9543,0.2589,23.0415,1,0.5,0.5,0.0,5,0.0,0.0
Iris,3,B1,SM,3,199.0,1024.0,1024.0,1.0,0.1943,0.1943,1.2121,1.2121,1,0.5,0.5,0.0,5,0.0,0.0
Iris,3,B1,SM,4,421.0,950.4,950.4,1.0,0.443,0.443,0.9445,1.8889,1,0.5,0.5,0.0,5,0.0,0.0
Iris,3,B1,SM,5,932.0,964.0,964.0,1.0,0.9668,0.9668,inf,31.25,1,0.5,0.5,0.0,5,0.0,0.0
Iris,3,B1,SM,6,959.0,960.8,960.8,1.0,0.9981,0.9981,inf,555.5556,1,0.5,0.5,0.0,5,0.0,0.0
Iris,3,B1,SM,7,957.0,966.4,966.4,1.0,0.9903,0.9903,inf,106.383,1,0.5,0.5,0.0,5,0.0,0.0
Iris,3,B1,SM,8,928.0,985.6,985.6,1.0,0.9416,0.9416,0.0,17.3611,1,0.5,0.5,0.0,5,0.0,0.0
Iris,3,B1,SM,9,987.0,1017.6,1017.6,1.0,0.9699,0.9699,inf,32.6797,1,0.5,0.5,0.0,5,0.0,0.0
Iris,3,B1,SM,10,891.0,950.4,950.4,1.0,0.9375,0.9375,inf,16.835,1,0.5,0.5,0.0,5,0.0,0.0
Iris,3,B1,SM,11,936.0,950.4,950.4,1.0,0.9848,0.9848,inf,69.4444,1,0.5,0.5,0.0,5,0.0,0.0
Iris,3,B3,SM,1,1442.0,1017.6,1017.6,1.0,1.4171,1.4171,0.1461,inf,0,0.5,0.5,0.0,5,0.0,0.0
Iris,3,B3,SM,2,630.0,950.4,950.4,1.0,0.6629,0.6629,0.3237,3.1211,1,0.5,0.5,0.0,5,0.0,0.0
Iris,3,B3,SM,3,1432.0,1024.0,1024.0,1.0,1.3984,1.3984,0.1515,inf,0,0.5,0.5,0.0,5,0.0,0.0
Iris,3,B3,SM,4,421.0,950.4,950.4,1.0,0.443,0.443,0.9445,1.8889,1,0.5,0.5,0.0,5,0.0,0.0
Iris,3,B3,SM,5,755.0,964.0,964.0,1.0,0.7832,0.7832,inf,4.7847,1,0.5,0.5,0.0,5,0.0,0.0
Iris,3,B3,SM,6,724.0,960.8,960.8,1.0,0.7535,0.7535,inf,4.223,1,0.5,0.5,0.0,5,0.0,0.0
Iris,3,B3,SM,7,683.0,966.4,966.4,1.0,0.7067,0.7067,inf,3.5286,1,0.5,0.5,0.0,5,0.0,0.0
Iris,3,B3,SM,8,677.0,985.6,985.6,1.0,0.6869,0.6869,inf,3.2404,1,0.5,0.5,0.0,5,0.0,0.0
Iris,3,B3,SM,9,791.0,1017.6,1017.6,1.0,0.7773,0.7773,inf,4.4131,1,0.5,0.5,0.0,5,0.0,0.0
Iris,3,B3,SM,10,710.0,950.4,950.4,1.0,0.7471,0.7471,inf,4.1597,1,0.5,0.5,0.0,5,0.0,0.0
Iris,3,B3,SM,11,765.0,950.4,950.4,1.0,0.8049,0.8049,inf,5.3937,1,0.5,0.5,0.0,5,0.0,0.0
Iris,3,MCF_ARC,SM,1,890.0,1017.6,1017.6,1.0,0.8746,0.8746,0.2338,7.837,1,0.5,0.5,0.0,5,0.0,0.0
Iris,3,MCF_ARC,SM,2,888.0,950.4,950.4,1.0,0.9343,0.9343,0.2589,16.0256,1,0.5,0.5,0.0,5,0.0,0.0
Iris,3,MCF_ARC,SM,3,199.0,1024.0,1024.0,1.0,0.1943,0.1943,1.2121,1.2121,1,0.5,0.5,0.0,5,0.0,0.0
Iris,3,MCF_ARC,SM,4,802.0,950.4,950.4,1.0,0.8439,0.8439,0.4722,6.7385,1,0.5,0.5,0.0,5,0.0,0.0
Iris,3,MCF_ARC,SM,5,912.0,964.0,964.0,1.0,0.9461,0.9461,inf,19.2308,1,0.5,0.5,0.0,5,0.0,0.0
Iris,3,MCF_ARC,SM,6,893.0,960.8,960.8,1.0,0.9294,0.9294,inf,14.7493,1,0.5,0.5,0.0,5,0.0,0.0
Iris,3,MCF_ARC,SM,7,916.0,966.4,966.4,1.0,0.9478,0.9478,inf,19.8413,1,0.5,0.5,0.0,5,0.0,0.0
Iris,3,MCF_ARC,SM,8,926.0,985.6,985.6,1.0,0.9395,0.9395,inf,16.7785,1,0.5,0.5,0.0,5,0.0,0.0
Iris,3,MCF_ARC,SM,9,953.0,1017.6,1017.6,1.0,0.9365,0.9365,inf,15.4799,1,0.5,0.5,0.0,5,0.0,0.0
Iris,3,MCF_ARC,SM,10,877.0,950.4,950.4,1.0,0.9228,0.9228,inf,13.624,1,0.5,0.5,0.0,5,0.0,0.0
Iris,3,MCF_ARC,SM,11,774.0,950.4,950.4,1.0,0.8144,0.8144,inf,5.6689,1,0.5,0.5,0.0,5,0.0,0.0
Iris,4,B1,SM,1,981.0,986.4,986.4,1.0,0.9945,0.9945,0.2432,185.1852,1,0.5,0.5,0.0,5,0.0,0.0
Iris,4,B1,SM,2,948.0,1002.4,1002.4,1.0,0.9457,0.9457,0.2406,18.3824,1,0.5,0.5,0.0,5,0.0,0.0
Iris,4,B1,SM,3,151.0,1028.8,1028.8,1.0,0.1468,0.1468,1.1392,1.1392,1,0.5,0.5,0.0,5,0.0,0.0
Iris,4,B1,SM,4,335.0,986.4,986.4,1.0,0.3396,0.3396,0.6391,1.5352,1,0.5,0.5,0.0,5,0.0,0.0
Iris,4,B1,SM,5,988.0,989.6,989.6,1.0,0.9984,0.9984,inf,625.0,1,0.5,0.5,0.0,5,0.0,0.0
Iris,4,B1,SM,6,946.0,992.8,992.8,1.0,0.9529,0.9529,inf,21.3675,1,0.5,0.5,0.0,5,0.0,0.0
Iris,4,B1,SM,7,1004.0,1004.0,1004.0,1.0,1.0,1.0,inf,inf,0,0.5,0.5,0.0,5,0.0,0.0
Iris,4,B1,SM,8,1041.0,1044.8,1044.8,1.0,0.9964,0.9964,inf,263.1579,1,0.5,0.5,0.0,5,0.0,0.0
Iris,4,B1,SM,9,1023.0,1044.8,1044.8,1.0,0.9791,0.9791,inf,45.8716,1,0.5,0.5,0.0,5,0.0,0.0
Iris,4,B1,SM,10,932.0,986.4,986.4,1.0,0.9448,0.9448,inf,18.3824,1,0.5,0.5,0.0,5,0.0,0.0
Iris,4,B1,SM,11,1023.0,1028.8,1028.8,1.0,0.9944,0.9944,inf,172.4138,1,0.5,0.5,0.0,5,0.0,0.0
Iris,4,B3,SM,1,912.0,986.4,986.4,1.0,0.9246,0.9246,0.2432,13.4409,1,0.5,0.5,0.0,5,0.0,0.0
Iris,4,B3,SM,2,1415.0,1002.4,1002.4,1.0,1.4116,1.4116,0.1503,inf,0,0.5,0.5,0.0,5,0.0,0.0
Iris,4,B3,SM,3,1510.0,1028.8,1028.8,1.0,1.4677,1.4677,0.1424,inf,0,0.5,0.5,0.0,5,0.0,0.0
Iris,4,B3,SM,4,204.0,986.4,986.4,1.0,0.2068,0.2068,1.2781,1.2781,1,0.5,0.5,0.0,5,0.0,0.0
Iris,4,B3,SM,5,822.0,989.6,989.6,1.0,0.8306,0.8306,inf,5.9666,1,0.5,0.5,0.0,5,0.0,0.0
Iris,4,B3,SM,6,848.0,992.8,992.8,1.0,0.8541,0.8541,inf,6.9061,1,0.5,0.5,0.0,5,0.0,0.0
Iris,4,B3,SM,7,717.0,1004.0,1004.0,1.0,0.7141,0.7141,inf,3.4843,1,0.5,0.5,0.0,5,0.0,0.0
Iris,4,B3,SM,8,727.0,1044.8,1044.8,1.0,0.6958,0.6958,inf,3.1466,1,0.5,0.5,0.0,5,0.0,0.0
Iris,4,B3,SM,9,841.0,1044.8,1044.8,1.0,0.8049,0.8049,inf,4.9068,1,0.5,0.5,0.0,5,0.0,0.0
Iris,4,B3,SM,10,745.0,986.4,986.4,1.0,0.7553,0.7553,inf,4.1425,1,0.5,0.5,0.0,5,0.0,0.0
Iris,4,B3,SM,11,631.0,1028.8,1028.8,1.0,0.6133,0.6133,inf,2.5138,1,0.5,0.5,0.0,5,0.0,0.0
Iris,4,MCF_ARC,SM,1,889.0,986.4,986.4,1.0,0.9013,0.9013,0.2432,10.2669,1,0.5,0.5,0.0,5,0.0,0.0
Iris,4,MCF_ARC,SM,2,937.0,1002.4,1002.4,1.0,0.9348,0.9348,0.2406,15.2905,1,0.5,0.5,0.0,5,0.0,0.0
Iris,4,MCF_ARC,SM,3,151.0,1028.8,1028.8,1.0,0.1468,0.1468,1.1392,1.1392,1,0.5,0.5,0.0,5,0.0,0.0
Iris,4,MCF_ARC,SM,4,838.0,986.4,986.4,1.0,0.8496,0.8496,0.3195,6.7385,1,0.5,0.5,0.0,5,0.0,0.0
Iris,4,MCF_ARC,SM,5,939.0,989.6,989.6,1.0,0.9489,0.9489,inf,19.7628,1,0.5,0.5,0.0,5,0.0,0.0
Iris,4,MCF_ARC,SM,6,933.0,992.8,992.8,1.0,0.9398,0.9398,inf,16.7224,1,0.5,0.5,0.0,5,0.0,0.0
Iris,4,MCF_ARC,SM,7,951.0,1004.0,1004.0,1.0,0.9472,0.9472,inf,18.8679,1,0.5,0.5,0.0,5,0.0,0.0
Iris,4,MCF_ARC,SM,8,988.0,1044.8,1044.8,1.0,0.9456,0.9456,inf,17.6056,1,0.5,0.5,0.0,5,0.0,0.0
Iris,4,MCF_ARC,SM,9,982.0,1044.8,1044.8,1.0,0.9399,0.9399,inf,15.9236,1,0.5,0.5,0.0,5,0.0,0.0
Iris,4,MCF_ARC,SM,10,861.0,986.4,986.4,1.0,0.8729,0.8729,inf,7.9745,1,0.5,0.5,0.0,5,0.0,0.0
Iris,4,MCF_ARC,SM,11,903.0,1028.8,1028.8,1.0,0.8777,0.8777,inf,7.9491,1,0.5,0.5,0.0,5,0.0,0.0
Uninett2010,0,B1,SM,1,812.0,1001.6,1001.6,1.0,0.8107,0.8107,0.3134,5.2743,1,0.5,0.5,0.0,5,0.0,0.0
Uninett2010,0,B1,SM,2,908.0,1001.6,1001.6,1.0,0.9065,0.9065,0.247,10.6838,1,0.5,0.5,0.0,5,0.0,0.0
Uninett2010,0,B1,SM,3,221.0,1012.0,1012.0,1.0,0.2184,0.2184,1.2642,1.2642,1,0.5,0.5,0.0,5,0.0,0.0
Uninett2010,0,B1,SM,4,811.0,1001.6,1001.6,1.0,0.8097,0.8097,0.3154,5.2466,1,0.5,0.5,0.0,5,0.0,0.0
Uninett2010,0,B1,SM,5,357.0,1001.6,1001.6,1.0,0.3564,0.3564,inf,1.5513,1,0.5,0.5,0.0,5,0.0,0.0
Uninett2010,0,B1,SM,6,847.0,1001.6,1001.6,1.0,0.8456,0.8456,inf,6.4683,1,0.5,0.5,0.0,5,0.0,0.0
Uninett2010,0,B1,SM,7,995.0,1001.6,1001.6,1.0,0.9934,0.9934,inf,151.5152,1,0.5,0.5,0.0,5,0.0,0.0
Uninett2010,0,B1,SM,8,1061.0,1084.0,1084.0,1.0,0.9788,0.9788,0.0,43.4783,1,0.5,0.5,0.0,5,0.0,0.0
Uninett2010,0,B1,SM,9,1000.0,1001.6,1001.6,1.0,0.9984,0.9984,inf,625.0,1,0.5,0.5,0.0,5,0.0,0.0
Uninett2010,0,B1,SM,10,1000.0,1001.6,1001.6,1.0,0.9984,0.9984,inf,625.0,1,0.5,0.5,0.0,5,0.0,0.0
Uninett2010,0,B1,SM,11,850.0,1001.6,1001.6,1.0,0.8486,0.8486,inf,6.5963,1,0.5,0.5,0.0,5,0.0,0.0
Uninett2010,0,B1,SM,12,1014.0,1025.6,1025.6,1.0,0.9887,0.9887,inf,86.2069,1,0.5,0.5,0.0,5,0.0,0.0
Uninett2010,0,B1,SM,13,1001.0,1001.6,1001.6,1.0,0.9994,0.9994,inf,1666.6667,1,0.5,0.5,0.0,5,0.0,0.0
Uninett2010,0,B1,SM,14,1025.0,1025.6,1025.6,1.0,0.9994,0.9994,inf,1666.6667,1,0.5,0.5,0.0,5,0.0,0.0
Uninett2010,0,B1,SM,15,1076.0,1084.0,1084.0,1.0,0.9926,0.9926,inf,125.0,1,0.5,0.5,0.0,5,0.0,0.0
Uninett2010,0,B3,SM,1,481.0,1001.6,1001.6,1.0,0.4802,0.4802,0.4179,1.9209,1,0.5,0.5,0.0,5,0.0,0.0
Uninett2010,0,B3,SM,2,1762.0,1001.6,1001.6,1.0,1.7592,1.7592,0.1123,inf,0,0.5,0.5,0.0,5,0.0,0.0
Uninett2010,0,B3,SM,3,427.0,1012.0,1012.0,1.0,0.4219,0.4219,0.6321,1.7094,1,0.5,0.5,0.0,5,0.0,0.0
Uninett2010,0,B3,SM,4,209.0,1001.6,1001.6,1.0,0.2087,0.2087,1.2617,1.2617,1,0.5,0.5,0.0,5,0.0,0.0
Uninett2010,0,B3,SM,5,2091.0,1001.6,1001.6,1.0,2.0877,2.0877,0.1119,inf,0,0.5,0.5,0.0,5,0.0,0.0
Uninett2010,0,B3,SM,6,715.0,1001.6,1001.6,1.0,0.7139,0.7139,inf,3.4892,1,0.5,0.5,0.0,5,0.0,0.0
Uninett2010,0,B3,SM,7,863.0,1001.6,1001.6,1.0,0.8616,0.8616,inf,7.215,1,0.5,0.5,0.0,5,0.0,0.0
Uninett2010,0,B3,SM,8,736.0,1084.0,1084.0,1.0,0.679,0.679,inf,2.8736,1,0.5,0.5,0.0,5,0.0,0.0
Uninett2010,0,B3,SM,9,825.0,1001.6,1001.6,1.0,0.8237,0.8237,inf,5.6625,1,0.5,0.5,0.0,5,0.0,0.0
Uninett2010,0,B3,SM,10,859.0,1001.6,1001.6,1.0,0.8576,0.8576,inf,7.0126,1,0.5,0.5,0.0,5,0.0,0.0
Uninett2010,0,B3,SM,11,859.0,1001.6,1001.6,1.0,0.8576,0.8576,inf,7.0126,1,0.5,0.5,0.0,5,0.0,0.0
Uninett2010,0,B3,SM,12,861.0,1025.6,1025.6,1.0,0.8395,0.8395,inf,6.0753,1,0.5,0.5,0.0,5,0.0,0.0
Uninett2010,0,B3,SM,13,757.0,1001.6,1001.6,1.0,0.7558,0.7558,inf,4.0883,1,0.5,0.5,0.0,5,0.0,0.0
Uninett2010,0,B3,SM,14,668.0,1025.6,1025.6,1.0,0.6513,0.6513,inf,2.7964,1,0.5,0.5,0.0,5,0.0,0.0
Uninett2010,0,B3,SM,15,865.0,1084.0,1084.0,1.0,0.798,0.798,inf,4.5662,1,0.5,0.5,0.0,5,0.0,0.0
Uninett2010,0,MCF_ARC,SM,1,921.0,1001.6,1001.6,1.0,0.9195,0.9195,0.2508,12.4069,1,0.5,0.5,0.0,5,0.0,0.0
Uninett2010,0,MCF_ARC,SM,2,841.0,1001.6,1001.6,1.0,0.8397,0.8397,0.247,6.2267,1,0.5,0.5,0.0,5,0.0,0.0
Uninett2010,0,MCF_ARC,SM,3,778.0,1012.0,1012.0,1.0,0.7688,0.7688,0.3161,4.2735,1,0.5,0.5,0.0,5,0.0,0.0
Uninett2010,0,MCF_ARC,SM,4,926.0,1001.6,1001.6,1.0,0.9245,0.9245,0.2523,13.2275,1,0.5,0.5,0.0,5,0.0,0.0
Uninett2010,0,MCF_ARC,SM,5,544.0,1001.6,1001.6,1.0,0.5431,0.5431,0.4102,2.1853,1,0.5,0.5,0.0,5,0.0,0.0
Uninett2010,0,MCF_ARC,SM,6,898.0,1001.6,1001.6,1.0,0.8966,0.8966,inf,9.6525,1,0.5,0.5,0.0,5,0.0,0.0
Uninett2010,0,MCF_ARC,SM,7,878.0,1001.6,1001.6,1.0,0.8766,0.8766,inf,8.0906,1,0.5,0.5,0.0,5,0.0,0.0
Uninett2010,0,MCF_ARC,SM,8,924.0,1084.0,1084.0,1.0,0.8524,0.8524,inf,6.25,1,0.5,0.5,0.0,5,0.0,0.0
Uninett2010,0,MCF_ARC,SM,9,950.0,1001.6,1001.6,1.0,0.9485,0.9485,inf,19.3798,1,0.5,0.5,0.0,5,0.0,0.0
Uninett2010,0,MCF_ARC,SM,10,857.0,1001.6,1001.6,1.0,0.8556,0.8556,inf,6.9156,1,0.5,0.5,0.0,5,0.0,0.0
Uninett2010,0,MCF_ARC,SM,11,873.0,1001.6,1001.6,1.0,0.8716,0.8716,inf,7.776,1,0.5,0.5,0.0,5,0.0,0.0
Uninett2010,0,MCF_ARC,SM,12,824.0,1025.6,1025.6,1.0,0.8034,0.8034,inf,4.9603,1,0.5,0.5,0.0,5,0.0,0.0
Uninett2010,0,MCF_ARC,SM,13,929.0,1001.6,1001.6,1.0,0.9275,0.9275,inf,13.7741,1,0.5,0.5,0.0,5,0.0,0.0
Uninett2010,0,MCF_ARC,SM,14,851.0,1025.6,1025.6,1.0,0.8298,0.8298,inf,5.7274,1,0.5,0.5,0.0,5,0.0,0.0
Uninett2010,0,MCF_ARC,SM,15,984.0,1084.0,1084.0,1.0,0.9077,0.9077,inf,10.0,1,0.5,0.5,0.0,5,0.0,0.0
Uninett2010,1,B1,SM,1,1059.0,1110.4,1110.4,1.0,0.9537,0.9537,0.0,19.4553,1,0.5,0.5,0.0,5,0.0,0.0
Uninett2010,1,B1,SM,2,571.0,1023.2,1023.2,1.0,0.5581,0.5581,1.1282,2.2114,1,0.5,0.5,0.0,5,0.0,0.0
Uninett2010,1,B1,SM,3,124.0,1022.4,1022.4,1.0,0.1213,0.1213,1.1131,1.1131,1,0.5,0.5,0.0,5,0.0,0.0
Uninett2010,1,B1,SM,4,1049.0,1110.4,1110.4,1.0,0.9447,0.9447,0.0,16.2866,1,0.5,0.5,0.0,5,0.0,0.0
Uninett2010,1,B1,SM,5,503.0,1050.4,1050.4,1.0,0.4789,0.4789,inf,1.8268,1,0.5,0.5,0.0,5,0.0,0.0
Uninett2010,1,B1,SM,6,925.0,1022.4,1022.4,1.0,0.9047,0.9047,2.0534,10.2669,1,0.5,0.5,0.0,5,0.0,0.0
Uninett2010,1,B1,SM,7,895.0,1022.4,1022.4,1.0,0.8754,0.8754,inf,7.8493,1,0.5,0.5,0.0,5,0.0,0.0
Uninett2010,1,B1,SM,8,972.0,1076.8,1076.8,1.0,0.9027,0.9027,0.0,9.542,1,0.5,0.5,0.0,5,0.0,0.0
Uninett2010,1,B1,SM,9,1013.0,1022.4,1022.4,1.0,0.9908,0.9908,inf,106.383,1,0.5,0.5,0.0,5,0.0,0.0
Uninett2010,1,B1,SM,10,1022.0,1023.2,1023.2,1.0,0.9988,0.9988,inf,833.3333,1,0.5,0.5,0.0,5,0.0,0.0
Uninett2010,1,B1,SM,11,1006.0,1022.4,1022.4,1.0,0.984,0.984,inf,60.9756,1,0.5,0.5,0.0,5,0.0,0.0
Uninett2010,1,B1,SM,12,919.0,1090.4,1090.4,1.0,0.8428,0.8428,inf,5.8343,1,0.5,0.5,0.0,5,0.0,0.0
Uninett2010,1,B1,SM,13,1021.0,1022.4,1022.4,1.0,0.9986,0.9986,inf,714.2857,1,0.5,0.5,0.0,5,0.0,0.0
Uninett2010,1,B1,SM,14,1065.0,1066.4,1066.4,1.0,0.9987,0.9987,inf,714.2857,1,0.5,0.5,0.0,5,0.0,0.0
Uninett2010,1,B1,SM,15,1103.0,1108.8,1108.8,1.0,0.9948,0.9948,inf,172.4138,1,0.5,0.5,0.0,5,0.0,0.0
Uninett2010,1,B3,SM,1,1910.0,1110.4,1110.4,1.0,1.7201,1.7201,0.1066,inf,0,0.5,0.5,0.0,5,0.0,0.0
Uninett2010,1,B3,SM,2,221.0,1023.2,1023.2,1.0,0.216,0.216,1.2466,1.2466,1,0.5,0.5,0.0,5,0.0,0.0
Uninett2010,1,B3,SM,3,931.0,1022.4,1022.4,1.0,0.9106,0.9106,0.1855,10.9409,1,0.5,0.5,0.0,5,0.0,0.0
Uninett2010,1,B3,SM,4,1603.0,1110.4,1110.4,1.0,1.4436,1.4436,0.1192,inf,0,0.5,0.5,0.0,5,0.0,0.0
Uninett2010,1,B3,SM,5,735.0,1050.4,1050.4,1.0,0.6997,0.6997,0.2786,3.1706,1,0.5,0.5,0.0,5,0.0,0.0
Uninett2010,1,B3,SM,6,773.0,1022.4,1022.4,1.0,0.7561,0.7561,2.5667,4.0096,1,0.5,0.5,0.0,5,0.0,0.0
Uninett2010,1,B3,SM,7,875.0,1022.4,1022.4,1.0,0.8558,0.8558,inf,6.7843,1,0.5,0.5,0.0,5,0.0,0.0
Uninett2010,1,B3,SM,8,740.0,1076.8,1076.8,1.0,0.6872,0.6872,inf,2.9691,1,0.5,0.5,0.0,5,0.0,0.0
Uninett2010,1,B3,SM,9,732.0,1022.4,1022.4,1.0,0.716,0.716,inf,3.4435,1,0.5,0.5,0.0,5,0.0,0.0
Uninett2010,1,B3,SM,10,730.0,1023.2,1023.2,1.0,0.7134,0.7134,inf,3.4106,1,0.5,0.5,0.0,5,0.0,0.0
Uninett2010,1,B3,SM,11,868.0,1022.4,1022.4,1.0,0.849,0.849,inf,6.4767,1,0.5,0.5,0.0,5,0.0,0.0
Uninett2010,1,B3,SM,12,762.0,1090.4,1090.4,1.0,0.6988,0.6988,inf,3.0451,1,0.5,0.5,0.0,5,0.0,0.0
Uninett2010,1,B3,SM,13,645.0,1022.4,1022.4,1.0,0.6309,0.6309,inf,2.6497,1,0.5,0.5,0.0,5,0.0,0.0
Uninett2010,1,B3,SM,14,868.0,1066.4,1066.4,1.0,0.814,0.814,inf,5.0403,1,0.5,0.5,0.0,5,0.0,0.0
Uninett2010,1,B3,SM,15,854.0,1108.8,1108.8,1.0,0.7702,0.7702,inf,3.9246,1,0.5,0.5,0.0,5,0.0,0.0
Uninett2010,1,MCF_ARC,SM,1,958.0,1110.4,1110.4,1.0,0.8628,0.8628,0.2131,6.5617,1,0.5,0.5,0.0,5,0.0,0.0
Uninett2010,1,MCF_ARC,SM,2,948.0,1023.2,1023.2,1.0,0.9265,0.9265,0.2493,13.2979,1,0.5,0.5,0.0,5,0.0,0.0
Uninett2010,1,MCF_ARC,SM,3,573.0,1022.4,1022.4,1.0,0.5604,0.5604,0.371,2.2252,1,0.5,0.5,0.0,5,0.0,0.0
Uninett2010,1,MCF_ARC,SM,4,981.0,1110.4,1110.4,1.0,0.8835,0.8835,0.1788,7.728,1,0.5,0.5,0.0,5,0.0,0.0
Uninett2010,1,MCF_ARC,SM,5,492.0,1050.4,1050.4,1.0,0.4684,0.4684,0.3714,1.7908,1,0.5,0.5,0.0,5,0.0,0.0
Uninett2010,1,MCF_ARC,SM,6,906.0,1022.4,1022.4,1.0,0.8862,0.8862,2.0534,8.5911,1,0.5,0.5,0.0,5,0.0,0.0
Uninett2010,1,MCF_ARC,SM,7,857.0,1022.4,1022.4,1.0,0.8382,0.8382,inf,6.0459,1,0.5,0.5,0.0,5,0.0,0.0
Uninett2010,1,MCF_ARC,SM,8,899.0,1076.8,1076.8,1.0,0.8349,0.8349,inf,5.6243,1,0.5,0.5,0.0,5,0.0,0.0
Uninett2010,1,MCF_ARC,SM,9,893.0,1022.4,1022.4,1.0,0.8734,0.8734,inf,7.728,1,0.5,0.5,0.0,5,0.0,0.0
Uninett2010,1,MCF_ARC,SM,10,937.0,1023.2,1023.2,1.0,0.9158,0.9158,inf,11.6009,1,0.5,0.5,0.0,5,0.0,0.0
Uninett2010,1,MCF_ARC,SM,11,893.0,1022.4,1022.4,1.0,0.8734,0.8734,inf,7.728,1,0.5,0.5,0.0,5,0.0,0.0
Uninett2010,1,MCF_ARC,SM,12,941.0,1090.4,1090.4,1.0,0.863,0.863,inf,6.6934,1,0.5,0.5,0.0,5,0.0,0.0
Uninett2010,1,MCF_ARC,SM,13,932.0,1022.4,1022.4,1.0,0.9116,0.9116,inf,11.0619,1,0.5,0.5,0.0,5,0.0,0.0
Uninett2010,1,MCF_ARC,SM,14,1005.0,1066.4,1066.4,1.0,0.9424,0.9424,inf,16.2866,1,0.5,0.5,0.0,5,0.0,0.0
Uninett2010,1,MCF_ARC,SM,15,1032.0,1108.8,1108.8,1.0,0.9307,0.9307,inf,13.0208,1,0.5,0.5,0.0,5,0.0,0.0
Uninett2010,2,B1,SM,1,1148.0,1152.8,1152.8,1.0,0.9958,0.9958,0.0,208.3333,1,0.5,0.5,0.0,5,0.0,0.0
Uninett2010,2,B1,SM,2,550.0,1059.2,1059.2,1.0,0.5193,0.5193,1.1052,1.9639,1,0.5,0.5,0.0,5,0.0,0.0
Uninett2010,2,B1,SM,3,176.0,1059.2,1059.2,1.0,0.1662,0.1662,1.1322,1.1322,1,0.5,0.5,0.0,5,0.0,0.0
Uninett2010,2,B1,SM,4,1006.0,1065.6,1065.6,1.0,0.9441,0.9441,0.0,16.7785,1,0.5,0.5,0.0,5,0.0,0.0
Uninett2010,2,B1,SM,5,365.0,1059.2,1059.2,1.0,0.3446,0.3446,0.556,1.4405,1,0.5,0.5,0.0,5,0.0,0.0
Uninett2010,2,B1,SM,6,991.0,1065.6,1065.6,1.0,0.93,0.93,inf,13.4048,1,0.5,0.5,0.0,5,0.0,0.0
Uninett2010,2,B1,SM,7,1002.0,1062.4,1062.4,1.0,0.9431,0.9431,inf,16.5563,1,0.5,0.5,0.0,5,0.0,0.0
Uninett2010,2,B1,SM,8,1043.0,1059.2,1059.2,1.0,0.9847,0.9847,inf,61.7284,1,0.5,0.5,0.0,5,0.0,0.0
Uninett2010,2,B1,SM,9,1061.0,1062.4,1062.4,1.0,0.9987,0.9987,inf,714.2857,1,0.5,0.5,0.0,5,0.0,0.0
Uninett2010,2,B1,SM,10,1065.0,1089.6,1089.6,1.0,0.9774,0.9774,inf,40.6504,1,0.5,0.5,0.0,5,0.0,0.0
Uninett2010,2,B1,SM,11,1053.0,1059.2,1059.2,1.0,0.9941,0.9941,inf,161.2903,1,0.5,0.5,0.0,5,0.0,0.0
Uninett2010,2,B1,SM,12,1092.0,1152.8,1152.8,1.0,0.9473,0.9473,inf,16.4474,1,0.5,0.5,0.0,5,0.0,0.0
Uninett2010,2,B1,SM,13,1059.0,1059.2,1059.2,1.0,0.9998,0.9998,inf,5000.0,1,0.5,0.5,0.0,5,0.0,0.0
Uninett2010,2,B1,SM,14,1058.0,1059.2,1059.2,1.0,0.9989,0.9989,inf,833.3333,1,0.5,0.5,0.0,5,0.0,0.0
Uninett2010,2,B1,SM,15,1053.0,1059.2,1059.2,1.0,0.9941,0.9941,inf,161.2903,1,0.5,0.5,0.0,5,0.0,0.0
Uninett2010,2,B3,SM,1,2084.0,1152.8,1152.8,1.0,1.8078,1.8078,0.1,inf,0,0.5,0.5,0.0,5,0.0,0.0
Uninett2010,2,B3,SM,2,205.0,1059.2,1059.2,1.0,0.1935,0.1935,1.1707,1.1707,1,0.5,0.5,0.0,5,0.0,0.0
Uninett2010,2,B3,SM,3,1781.0,1059.2,1059.2,1.0,1.6815,1.6815,0.1132,inf,0,0.5,0.5,0.0,5,0.0,0.0
Uninett2010,2,B3,SM,4,835.0,1065.6,1065.6,1.0,0.7836,0.7836,0.2289,4.3365,1,0.5,0.5,0.0,5,0.0,0.0
Uninett2010,2,B3,SM,5,515.0,1059.2,1059.2,1.0,0.4862,0.4862,0.3707,1.8376,1,0.5,0.5,0.0,5,0.0,0.0
Uninett2010,2,B3,SM,6,810.0,1065.6,1065.6,1.0,0.7601,0.7601,inf,3.9124,1,0.5,0.5,0.0,5,0.0,0.0
Uninett2010,2,B3,SM,7,764.0,1062.4,1062.4,1.0,0.7191,0.7191,inf,3.3512,1,0.5,0.5,0.0,5,0.0,0.0
Uninett2010,2,B3,SM,8,893.0,1059.2,1059.2,1.0,0.8431,0.8431,inf,6.0168,1,0.5,0.5,0.0,5,0.0,0.0
Uninett2010,2,B3,SM,9,772.0,1062.4,1062.4,1.0,0.7267,0.7267,inf,3.4435,1,0.5,0.5,0.0,5,0.0,0.0
Uninett2010,2,B3,SM,10,836.0,1089.6,1089.6,1.0,0.7673,0.7673,inf,3.9432,1,0.5,0.5,0.0,5,0.0,0.0
Uninett2010,2,B3,SM,11,806.0,1059.2,1059.2,1.0,0.761,0.761,inf,3.9494,1,0.5,0.5,0.0,5,0.0,0.0
Uninett2010,2,B3,SM,12,901.0,1152.8,1152.8,1.0,0.7816,0.7816,inf,3.9714,1,0.5,0.5,0.0,5,0.0,0.0
Uninett2010,2,B3,SM,13,878.0,1059.2,1059.2,1.0,0.8289,0.8289,inf,5.5188,1,0.5,0.5,0.0,5,0.0,0.0
Uninett2010,2,B3,SM,14,734.0,1059.2,1059.2,1.0,0.693,0.693,inf,3.075,1,0.5,0.5,0.0,5,0.0,0.0
Uninett2010,2,B3,SM,15,908.0,1059.2,1059.2,1.0,0.8573,0.8573,inf,6.6138,1,0.5,0.5,0.0,5,0.0,0.0
Uninett2010,2,MCF_ARC,SM,1,950.0,1152.8,1152.8,1.0,0.8241,0.8241,0.2,4.931,1,0.5,0.5,0.0,5,0.0,0.0
Uninett2010,2,MCF_ARC,SM,2,907.0,1059.2,1059.2,1.0,0.8563,0.8563,0.2341,6.5703,1,0.5,0.5,0.0,5,0.0,0.0
Uninett2010,2,MCF_ARC,SM,3,803.0,1059.2,1059.2,1.0,0.7581,0.7581,0.2831,3.9032,1,0.5,0.5,0.0,5,0.0,0.0
Uninett2010,2,MCF_ARC,SM,4,945.0,1065.6,1065.6,1.0,0.8868,0.8868,0.2289,8.2919,1,0.5,0.5,0.0,5,0.0,0.0
Uninett2010,2,MCF_ARC,SM,5,515.0,1059.2,1059.2,1.0,0.4862,0.4862,0.3707,1.8376,1,0.5,0.5,0.0,5,0.0,0.0
Uninett2010,2,MCF_ARC,SM,6,991.0,1065.6,1065.6,1.0,0.93,0.93,inf,13.4048,1,0.5,0.5,0.0,5,0.0,0.0
Uninett2010,2,MCF_ARC,SM,7,938.0,1062.4,1062.4,1.0,0.8829,0.8829,inf,8.0386,1,0.5,0.5,0.0,5,0.0,0.0
Uninett2010,2,MCF_ARC,SM,8,930.0,1059.2,1059.2,1.0,0.878,0.878,inf,7.7399,1,0.5,0.5,0.0,5,0.0,0.0
Uninett2010,2,MCF_ARC,SM,9,971.0,1062.4,1062.4,1.0,0.914,0.914,inf,10.9409,1,0.5,0.5,0.0,5,0.0,0.0
Uninett2010,2,MCF_ARC,SM,10,1020.0,1089.6,1089.6,1.0,0.9361,0.9361,inf,14.3678,1,0.5,0.5,0.0,5,0.0,0.0
Uninett2010,2,MCF_ARC,SM,11,973.0,1059.2,1059.2,1.0,0.9186,0.9186,inf,11.6009,1,0.5,0.5,0.0,5,0.0,0.0
Uninett2010,2,MCF_ARC,SM,12,943.0,1152.8,1152.8,1.0,0.818,0.818,inf,4.7664,1,0.5,0.5,0.0,5,0.0,0.0
Uninett2010,2,MCF_ARC,SM,13,998.0,1059.2,1059.2,1.0,0.9422,0.9422,inf,16.3399,1,0.5,0.5,0.0,5,0.0,0.0
Uninett2010,2,MCF_ARC,SM,14,946.0,1059.2,1059.2,1.0,0.8931,0.8931,inf,8.8339,1,0.5,0.5,0.0,5,0.0,0.0
Uninett2010,2,MCF_ARC,SM,15,892.0,1059.2,1059.2,1.0,0.8421,0.8421,inf,5.9809,1,0.5,0.5,0.0,5,0.0,0.0
Uninett2010,3,B1,SM,1,1054.0,1061.6,1061.6,1.0,0.9928,0.9928,0.0,131.5789,1,0.5,0.5,0.0,5,0.0,0.0
Uninett2010,3,B1,SM,2,773.0,999.2,999.2,1.0,0.7736,0.7736,0.3044,4.4209,1,0.5,0.5,0.0,5,0.0,0.0
Uninett2010,3,B1,SM,3,199.0,1068.0,1068.0,1.0,0.1863,0.1863,1.1507,1.1507,1,0.5,0.5,0.0,5,0.0,0.0
Uninett2010,3,B1,SM,4,737.0,999.2,999.2,1.0,0.7376,0.7376,0.5915,3.8139,1,0.5,0.5,0.0,5,0.0,0.0
Uninett2010,3,B1,SM,5,475.0,1008.0,1008.0,1.0,0.4712,0.4712,inf,1.8762,1,0.5,0.5,0.0,5,0.0,0.0
Uninett2010,3,B1,SM,6,939.0,1004.8,1004.8,1.0,0.9345,0.9345,3.0395,15.1976,1,0.5,0.5,0.0,5,0.0,0.0
Uninett2010,3,B1,SM,7,862.0,1010.4,1010.4,1.0,0.8531,0.8531,inf,6.7385,1,0.5,0.5,0.0,5,0.0,0.0
Uninett2010,3,B1,SM,8,988.0,1029.6,1029.6,1.0,0.9596,0.9596,0.0,24.0385,1,0.5,0.5,0.0,5,0.0,0.0
Uninett2010,3,B1,SM,9,1056.0,1061.6,1061.6,1.0,0.9947,0.9947,inf,178.5714,1,0.5,0.5,0.0,5,0.0,0.0
Uninett2010,3,B1,SM,10,919.0,999.2,999.2,1.0,0.9197,0.9197,inf,12.4688,1,0.5,0.5,0.0,5,0.0,0.0
Uninett2010,3,B1,SM,11,999.0,999.2,999.2,1.0,0.9998,0.9998,inf,5000.0,1,0.5,0.5,0.0,5,0.0,0.0
Uninett2010,3,B1,SM,12,899.0,1010.4,1010.4,1.0,0.8897,0.8897,inf,8.9767,1,0.5,0.5,0.0,5,0.0,0.0
Uninett2010,3,B1,SM,13,991.0,999.2,999.2,1.0,0.9918,0.9918,inf,121.9512,1,0.5,0.5,0.0,5,0.0,0.0
Uninett2010,3,B1,SM,14,1001.0,1008.0,1008.0,1.0,0.9931,0.9931,inf,142.8571,1,0.5,0.5,0.0,5,0.0,0.0
Uninett2010,3,B1,SM,15,1053.0,1053.6,1053.6,1.0,0.9994,0.9994,inf,1666.6667,1,0.5,0.5,0.0,5,0.0,0.0
Uninett2010,3,B3,SM,1,1862.0,1061.6,1061.6,1.0,1.754,1.754,0.1112,inf,0,0.5,0.5,0.0,5,0.0,0.0
Uninett2010,3,B3,SM,2,1063.0,999.2,999.2,1.0,1.0639,1.0639,0.203,inf,0,0.5,0.5,0.0,5,0.0,0.0
Uninett2010,3,B3,SM,3,1552.0,1068.0,1068.0,1.0,1.4532,1.4532,0.1279,inf,0,0.5,0.5,0.0,5,0.0,0.0
Uninett2010,3,B3,SM,4,202.0,999.2,999.2,1.0,0.2022,0.2022,1.2544,1.2544,1,0.5,0.5,0.0,5,0.0,0.0
Uninett2010,3,B3,SM,5,704.0,1008.0,1008.0,1.0,0.6984,0.6984,0.3064,3.2895,1,0.5,0.5,0.0,5,0.0,0.0
Uninett2010,3,B3,SM,6,765.0,1004.8,1004.8,1.0,0.7613,0.7613,3.7994,4.1701,1,0.5,0.5,0.0,5,0.0,0.0
Uninett2010,3,B3,SM,7,710.0,1010.4,1010.4,1.0,0.7027,0.7027,inf,3.3289,1,0.5,0.5,0.0,5,0.0,0.0
Uninett2010,3,B3,SM,8,759.0,1029.6,1029.6,1.0,0.7372,0.7372,inf,3.6955,1,0.5,0.5,0.0,5,0.0,0.0
Uninett2010,3,B3,SM,9,707.0,1061.6,1061.6,1.0,0.666,0.666,inf,2.8201,1,0.5,0.5,0.0,5,0.0,0.0
Uninett2010,3,B3,SM,10,666.0,999.2,999.2,1.0,0.6665,0.6665,inf,3.0012,1,0.5,0.5,0.0,5,0.0,0.0
Uninett2010,3,B3,SM,11,859.0,999.2,999.2,1.0,0.8597,0.8597,inf,7.1327,1,0.5,0.5,0.0,5,0.0,0.0
Uninett2010,3,B3,SM,12,862.0,1010.4,1010.4,1.0,0.8531,0.8531,inf,6.7385,1,0.5,0.5,0.0,5,0.0,0.0
Uninett2010,3,B3,SM,13,682.0,999.2,999.2,1.0,0.6825,0.6825,inf,3.1526,1,0.5,0.5,0.0,5,0.0,0.0
Uninett2010,3,B3,SM,14,839.0,1008.0,1008.0,1.0,0.8323,0.8323,inf,5.9172,1,0.5,0.5,0.0,5,0.0,0.0
Uninett2010,3,B3,SM,15,713.0,1053.6,1053.6,1.0,0.6767,0.6767,inf,2.936,1,0.5,0.5,0.0,5,0.0,0.0
Uninett2010,3,MCF_ARC,SM,1,986.0,1061.6,1061.6,1.0,0.9288,0.9288,0.1853,13.2275,1,0.5,0.5,0.0,5,0.0,0.0
Uninett2010,3,MCF_ARC,SM,2,899.0,999.2,999.2,1.0,0.8997,0.8997,0.2435,9.98,1,0.5,0.5,0.0,5,0.0,0.0
Uninett2010,3,MCF_ARC,SM,3,858.0,1068.0,1068.0,1.0,0.8034,0.8034,0.2301,4.7619,1,0.5,0.5,0.0,5,0.0,0.0
Uninett2010,3,MCF_ARC,SM,4,863.0,999.2,999.2,1.0,0.8637,0.8637,0.2509,7.3421,1,0.5,0.5,0.0,5,0.0,0.0
Uninett2010,3,MCF_ARC,SM,5,589.0,1008.0,1008.0,1.0,0.5843,0.5843,0.4085,2.3866,1,0.5,0.5,0.0,5,0.0,0.0
Uninett2010,3,MCF_ARC,SM,6,952.0,1004.8,1004.8,1.0,0.9475,0.9475,3.0395,18.9394,1,0.5,0.5,0.0,5,0.0,0.0
Uninett2010,3,MCF_ARC,SM,7,906.0,1010.4,1010.4,1.0,0.8967,0.8967,inf,9.5785,1,0.5,0.5,0.0,5,0.0,0.0
Uninett2010,3,MCF_ARC,SM,8,871.0,1029.6,1029.6,1.0,0.846,0.846,inf,6.3052,1,0.5,0.5,0.0,5,0.0,0.0
Uninett2010,3,MCF_ARC,SM,9,906.0,1061.6,1061.6,1.0,0.8534,0.8534,inf,6.4267,1,0.5,0.5,0.0,5,0.0,0.0
Uninett2010,3,MCF_ARC,SM,10,879.0,999.2,999.2,1.0,0.8797,0.8797,inf,8.3195,1,0.5,0.5,0.0,5,0.0,0.0
Uninett2010,3,MCF_ARC,SM,11,850.0,999.2,999.2,1.0,0.8507,0.8507,inf,6.7024,1,0.5,0.5,0.0,5,0.0,0.0
Uninett2010,3,MCF_ARC,SM,12,878.0,1010.4,1010.4,1.0,0.869,0.869,inf,7.5529,1,0.5,0.5,0.0,5,0.0,0.0
Uninett2010,3,MCF_ARC,SM,13,804.0,999.2,999.2,1.0,0.8046,0.8046,inf,5.123,1,0.5,0.5,0.0,5,0.0,0.0
Uninett2010,3,MCF_ARC,SM,14,826.0,1008.0,1008.0,1.0,0.8194,0.8194,inf,5.4945,1,0.5,0.5,0.0,5,0.0,0.0
Uninett2010,3,MCF_ARC,SM,15,878.0,1053.6,1053.6,1.0,0.8333,0.8333,inf,5.6948,1,0.5,0.5,0.0,5,0.0,0.0
Uninett2010,4,B1,SM,1,713.0,1056.0,1056.0,1.0,0.6752,0.6752,0.2803,2.9155,1,0.5,0.5,0.0,5,0.0,0.0
Uninett2010,4,B1,SM,2,1017.0,1064.0,1064.0,1.0,0.9558,0.9558,0.0,21.2766,1,0.5,0.5,0.0,5,0.0,0.0
Uninett2010,4,B1,SM,3,151.0,1135.2,1135.2,1.0,0.133,0.133,1.0161,1.0161,1,0.5,0.5,0.0,5,0.0,0.0
Uninett2010,4,B1,SM,4,784.0,1056.0,1056.0,1.0,0.7424,0.7424,0.5734,3.6765,1,0.5,0.5,0.0,5,0.0,0.0
Uninett2010,4,B1,SM,5,346.0,1056.0,1056.0,1.0,0.3277,0.3277,inf,1.4085,1,0.5,0.5,0.0,5,0.0,0.0
Uninett2010,4,B1,SM,6,962.0,1056.0,1056.0,1.0,0.911,0.911,2.1277,10.6383,1,0.5,0.5,0.0,5,0.0,0.0
Uninett2010,4,B1,SM,7,1060.0,1065.6,1065.6,1.0,0.9947,0.9947,inf,178.5714,1,0.5,0.5,0.0,5,0.0,0.0
Uninett2010,4,B1,SM,8,1129.0,1156.0,1156.0,1.0,0.9766,0.9766,0.0,37.037,1,0.5,0.5,0.0,5,0.0,0.0
Uninett2010,4,B1,SM,9,1152.0,1156.0,1156.0,1.0,0.9965,0.9965,inf,250.0,1,0.5,0.5,0.0,5,0.0,0.0
Uninett2010,4,B1,SM,10,1051.0,1056.0,1056.0,1.0,0.9953,0.9953,inf,200.0,1,0.5,0.5,0.0,5,0.0,0.0
Uninett2010,4,B1,SM,11,1040.0,1135.2,1135.2,1.0,0.9161,0.9161,inf,10.5042,1,0.5,0.5,0.0,5,0.0,0.0
Uninett2010,4,B1,SM,12,1027.0,1056.0,1056.0,1.0,0.9725,0.9725,inf,34.4828,1,0.5,0.5,0.0,5,0.0,0.0
Uninett2010,4,B1,SM,13,1054.0,1056.0,1056.0,1.0,0.9981,0.9981,inf,500.0,1,0.5,0.5,0.0,5,0.0,0.0
Uninett2010,4,B1,SM,14,1054.0,1059.2,1059.2,1.0,0.9951,0.9951,0.0,192.3077,1,0.5,0.5,0.0,5,0.0,0.0
Uninett2010,4,B1,SM,15,1150.0,1157.6,1157.6,1.0,0.9934,0.9934,inf,131.5789,1,0.5,0.5,0.0,5,0.0,0.0
Uninett2010,4,B3,SM,1,753.0,1056.0,1056.0,1.0,0.7131,0.7131,0.2242,3.3003,1,0.5,0.5,0.0,5,0.0,0.0
Uninett2010,4,B3,SM,2,1678.0,1064.0,1064.0,1.0,1.5771,1.5771,0.1244,inf,0,0.5,0.5,0.0,5,0.0,0.0
Uninett2010,4,B3,SM,3,1879.0,1135.2,1135.2,1.0,1.6552,1.6552,0.1016,inf,0,0.5,0.5,0.0,5,0.0,0.0
Uninett2010,4,B3,SM,4,204.0,1056.0,1056.0,1.0,0.1932,0.1932,1.1737,1.1737,1,0.5,0.5,0.0,5,0.0,0.0
Uninett2010,4,B3,SM,5,722.0,1056.0,1056.0,1.0,0.6837,0.6837,0.2759,2.994,1,0.5,0.5,0.0,5,0.0,0.0
Uninett2010,4,B3,SM,6,782.0,1056.0,1056.0,1.0,0.7405,0.7405,2.6596,3.6496,1,0.5,0.5,0.0,5,0.0,0.0
Uninett2010,4,B3,SM,7,903.0,1065.6,1065.6,1.0,0.8474,0.8474,inf,6.1501,1,0.5,0.5,0.0,5,0.0,0.0
Uninett2010,4,B3,SM,8,753.0,1156.0,1156.0,1.0,0.6514,0.6514,inf,2.4814,1,0.5,0.5,0.0,5,0.0,0.0
Uninett2010,4,B3,SM,9,869.0,1156.0,1156.0,1.0,0.7517,0.7517,inf,3.4843,1,0.5,0.5,0.0,5,0.0,0.0
Uninett2010,4,B3,SM,10,912.0,1056.0,1056.0,1.0,0.8636,0.8636,inf,6.9444,1,0.5,0.5,0.0,5,0.0,0.0
Uninett2010,4,B3,SM,11,876.0,1135.2,1135.2,1.0,0.7717,0.7717,inf,3.858,1,0.5,0.5,0.0,5,0.0,0.0
Uninett2010,4,B3,SM,12,845.0,1056.0,1056.0,1.0,0.8002,0.8002,inf,4.7393,1,0.5,0.5,0.0,5,0.0,0.0
Uninett2010,4,B3,SM,13,779.0,1056.0,1056.0,1.0,0.7377,0.7377,inf,3.6101,1,0.5,0.5,0.0,5,0.0,0.0
Uninett2010,4,B3,SM,14,827.0,1059.2,1059.2,1.0,0.7808,0.7808,inf,4.3066,1,0.5,0.5,0.0,5,0.0,0.0
Uninett2010,4,B3,SM,15,908.0,1157.6,1157.6,1.0,0.7844,0.7844,inf,4.0064,1,0.5,0.5,0.0,5,0.0,0.0
Uninett2010,4,MCF_ARC,SM,1,918.0,1056.0,1056.0,1.0,0.8693,0.8693,0.2242,7.2464,1,0.5,0.5,0.0,5,0.0,0.0
Uninett2010,4,MCF_ARC,SM,2,935.0,1064.0,1064.0,1.0,0.8788,0.8788,0.224,7.7519,1,0.5,0.5,0.0,5,0.0,0.0
Uninett2010,4,MCF_ARC,SM,3,491.0,1135.2,1135.2,1.0,0.4325,0.4325,0.3387,1.5523,1,0.5,0.5,0.0,5,0.0,0.0
Uninett2010,4,MCF_ARC,SM,4,912.0,1056.0,1056.0,1.0,0.8636,0.8636,0.2347,6.9444,1,0.5,0.5,0.0,5,0.0,0.0
Uninett2010,4,MCF_ARC,SM,5,531.0,1056.0,1056.0,1.0,0.5028,0.5028,0.3679,1.9048,1,0.5,0.5,0.0,5,0.0,0.0
Uninett2010,4,MCF_ARC,SM,6,937.0,1056.0,1056.0,1.0,0.8873,0.8873,2.1277,8.4034,1,0.5,0.5,0.0,5,0.0,0.0
Uninett2010,4,MCF_ARC,SM,7,935.0,1065.6,1065.6,1.0,0.8774,0.8774,inf,7.657,1,0.5,0.5,0.0,5,0.0,0.0
Uninett2010,4,MCF_ARC,SM,8,987.0,1156.0,1156.0,1.0,0.8538,0.8538,inf,5.9172,1,0.5,0.5,0.0,5,0.0,0.0
Uninett2010,4,MCF_ARC,SM,9,1043.0,1156.0,1156.0,1.0,0.9022,0.9022,inf,8.8496,1,0.5,0.5,0.0,5,0.0,0.0
Uninett2010,4,MCF_ARC,SM,10,911.0,1056.0,1056.0,1.0,0.8627,0.8627,inf,6.8966,1,0.5,0.5,0.0,5,0.0,0.0
Uninett2010,4,MCF_ARC,SM,11,1035.0,1135.2,1135.2,1.0,0.9117,0.9117,inf,9.98,1,0.5,0.5,0.0,5,0.0,0.0
Uninett2010,4,MCF_ARC,SM,12,984.0,1056.0,1056.0,1.0,0.9318,0.9318,inf,13.8889,1,0.5,0.5,0.0,5,0.0,0.0
Uninett2010,4,MCF_ARC,SM,13,977.0,1056.0,1056.0,1.0,0.9252,0.9252,inf,12.6582,1,0.5,0.5,0.0,5,0.0,0.0
Uninett2010,4,MCF_ARC,SM,14,999.0,1059.2,1059.2,1.0,0.9432,0.9432,inf,16.6113,1,0.5,0.5,0.0,5,0.0,0.0
Uninett2010,4,MCF_ARC,SM,15,1095.0,1157.6,1157.6,1.0,0.9459,0.9459,inf,15.9744,1,0.5,0.5,0.0,5,0.0,0.0
CrlNetworkServices,0,B1,SM,1,204.0,984.8,984.8,1.0,0.2071,0.2071,1.2807,1.2807,1,0.5,0.5,0.05,5,0.0,0.0
CrlNetworkServices,0,B1,SM,2,929.0,984.8,984.8,1.0,0.9433,0.9433,inf,17.9211,1,0.5,0.5,0.05,5,0.0,0.0
CrlNetworkServices,0,B1,SM,3,1044.0,1068.8,1068.8,1.0,0.9768,0.9768,1.043,40.3226,1,0.5,0.5,0.05,5,0.0,0.0
CrlNetworkServices,0,B1,SM,4,940.0,986.4,986.4,1.0,0.953,0.953,inf,21.5517,1,0.5,0.5,0.05,5,0.0,0.0
CrlNetworkServices,0,B1,SM,5,878.0,984.8,984.8,1.0,0.8916,0.8916,inf,9.3633,1,0.5,0.5,0.05,5,0.0,0.0
CrlNetworkServices,0,B1,SM,6,977.0,984.8,984.8,1.0,0.9921,0.9921,inf,128.2051,1,0.5,0.5,0.05,5,0.0,0.0
CrlNetworkServices,0,B1,SM,7,984.0,984.8,984.8,1.0,0.9992,0.9992,0.0,1250.0,1,0.5,0.5,0.05,5,0.0,0.0
CrlNetworkServices,0,B3,SM,1,753.0,984.8,984.8,1.0,0.7646,0.7646,0.3202,4.3141,1,0.5,0.5,0.05,5,0.0,0.0
CrlNetworkServices,0,B3,SM,2,1142.0,984.8,984.8,1.0,1.1596,1.1596,0.2102,inf,0,0.5,0.5,0.05,5,0.0,0.0
CrlNetworkServices,0,B3,SM,3,750.0,1068.8,1068.8,1.0,0.7017,0.7017,1.5645,3.1368,1,0.5,0.5,0.05,5,0.0,0.0
CrlNetworkServices,0,B3,SM,4,847.0,986.4,986.4,1.0,0.8587,0.8587,inf,7.1736,1,0.5,0.5,0.05,5,0.0,0.0
CrlNetworkServices,0,B3,SM,5,834.0,984.8,984.8,1.0,0.8469,0.8469,inf,6.6313,1,0.5,0.5,0.05,5,0.0,0.0
CrlNetworkServices,0,B3,SM,6,775.0,984.8,984.8,1.0,0.787,0.787,inf,4.7664,1,0.5,0.5,0.05,5,0.0,0.0
CrlNetworkServices,0,B3,SM,7,855.0,984.8,984.8,1.0,0.8682,0.8682,inf,7.7042,1,0.5,0.5,0.05,5,0.0,0.0
CrlNetworkServices,1,B1,SM,1,316.0,1020.8,1020.8,1.0,0.3096,0.3096,0.5891,1.4188,1,0.5,0.5,0.05,5,0.0,0.0
CrlNetworkServices,1,B1,SM,2,734.0,955.2,955.2,1.0,0.7684,0.7684,0.3405,4.5208,1,0.5,0.5,0.05,5,0.0,0.0
CrlNetworkServices,1,B1,SM,3,919.0,955.2,955.2,1.0,0.9621,0.9621,1.0246,27.6243,1,0.5,0.5,0.05,5,0.0,0.0
CrlNetworkServices,1,B1,SM,4,957.0,1020.8,1020.8,1.0,0.9375,0.9375,inf,15.674,1,0.5,0.5,0.05,5,0.0,0.0
CrlNetworkServices,1,B1,SM,5,953.0,956.8,956.8,1.0,0.996,0.996,inf,263.1579,1,0.5,0.5,0.05,5,0.0,0.0
CrlNetworkServices,1,B1,SM,6,943.0,955.2,955.2,1.0,0.9872,0.9872,inf,81.9672,1,0.5,0.5,0.05,5,0.0,0.0
CrlNetworkServices,1,B1,SM,7,955.0,955.2,955.2,1.0,0.9998,0.9998,inf,5000.0,1,0.5,0.5,0.05,5,0.0,0.0
CrlNetworkServices,1,B3,SM,1,966.0,1020.8,1020.8,1.0,0.9463,0.9463,0.2356,18.2482,1,0.5,0.5,0.05,5,0.0,0.0
CrlNetworkServices,1,B3,SM,2,811.0,955.2,955.2,1.0,0.849,0.849,0.2724,6.9348,1,0.5,0.5,0.05,5,0.0,0.0
CrlNetworkServices,1,B3,SM,3,760.0,955.2,955.2,1.0,0.7956,0.7956,1.2807,5.123,1,0.5,0.5,0.05,5,0.0,0.0
CrlNetworkServices,1,B3,SM,4,842.0,1020.8,1020.8,1.0,0.8248,0.8248,inf,5.5928,1,0.5,0.5,0.05,5,0.0,0.0
CrlNetworkServices,1,B3,SM,5,801.0,956.8,956.8,1.0,0.8372,0.8372,inf,6.4185,1,0.5,0.5,0.05,5,0.0,0.0
CrlNetworkServices,1,B3,SM,6,778.0,955.2,955.2,1.0,0.8145,0.8145,inf,5.6433,1,0.5,0.5,0.05,5,0.0,0.0
CrlNetworkServices,1,B3,SM,7,819.0,955.2,955.2,1.0,0.8574,0.8574,inf,7.3421,1,0.5,0.5,0.05,5,0.0,0.0
CrlNetworkServices,2,B1,SM,1,330.0,1092.8,1092.8,1.0,0.302,0.302,0.532,1.311,1,0.5,0.5,0.05,5,0.0,0.0
CrlNetworkServices,2,B1,SM,2,788.0,1001.6,1001.6,1.0,0.7867,0.7867,0.3138,4.6816,1,0.5,0.5,0.05,5,0.0,0.0
CrlNetworkServices,2,B1,SM,3,923.0,1001.6,1001.6,1.0,0.9215,0.9215,1.4225,12.7226,1,0.5,0.5,0.05,5,0.0,0.0
CrlNetworkServices,2,B1,SM,4,1023.0,1029.6,1029.6,1.0,0.9936,0.9936,inf,151.5152,1,0.5,0.5,0.05,5,0.0,0.0
CrlNetworkServices,2,B1,SM,5,961.0,1001.6,1001.6,1.0,0.9595,0.9595,0.0,24.6305,1,0.5,0.5,0.05,5,0.0,0.0
CrlNetworkServices,2,B1,SM,6,1028.0,1029.6,1029.6,1.0,0.9984,0.9984,inf,625.0,1,0.5,0.5,0.05,5,0.0,0.0
CrlNetworkServices,2,B1,SM,7,1003.0,1004.0,1004.0,1.0,0.999,0.999,inf,1000.0,1,0.5,0.5,0.05,5,0.0,0.0
CrlNetworkServices,2,B3,SM,1,964.0,1092.8,1092.8,1.0,0.8821,0.8821,0.2128,7.764,1,0.5,0.5,0.05,5,0.0,0.0
CrlNetworkServices,2,B3,SM,2,944.0,1001.6,1001.6,1.0,0.9425,0.9425,0.2511,17.3611,1,0.5,0.5,0.05,5,0.0,0.0
CrlNetworkServices,2,B3,SM,3,861.0,1001.6,1001.6,1.0,0.8596,0.8596,1.4225,7.1124,1,0.5,0.5,0.05,5,0.0,0.0
CrlNetworkServices,2,B3,SM,4,870.0,1029.6,1029.6,1.0,0.845,0.845,inf,6.2657,1,0.5,0.5,0.05,5,0.0,0.0
CrlNetworkServices,2,B3,SM,5,737.0,1001.6,1001.6,1.0,0.7358,0.7358,inf,3.7793,1,0.5,0.5,0.05,5,0.0,0.0
CrlNetworkServices,2,B3,SM,6,868.0,1029.6,1029.6,1.0,0.843,0.843,inf,6.1881,1,0.5,0.5,0.05,5,0.0,0.0
CrlNetworkServices,2,B3,SM,7,812.0,1004.0,1004.0,1.0,0.8088,0.8088,inf,5.2083,1,0.5,0.5,0.05,5,0.0,0.0
CrlNetworkServices,2,MCF_ARC,SM,1,545.0,1092.8,1092.8,1.0,0.4987,0.4987,0.3547,1.8255,1,0.5,0.5,0.05,5,0.0,0.0
CrlNetworkServices,2,MCF_ARC,SM,2,925.0,1001.6,1001.6,1.0,0.9235,0.9235,0.2511,13.0548,1,0.5,0.5,0.05,5,0.0,0.0
CrlNetworkServices,2,MCF_ARC,SM,3,861.0,1001.6,1001.6,1.0,0.8596,0.8596,1.4225,7.1124,1,0.5,0.5,0.05,5,0.0,0.0
CrlNetworkServices,2,MCF_ARC,SM,4,870.0,1029.6,1029.6,1.0,0.845,0.845,inf,6.2657,1,0.5,0.5,0.05,5,0.0,0.0
CrlNetworkServices,2,MCF_ARC,SM,5,937.0,1001.6,1001.6,1.0,0.9355,0.9355,inf,15.4799,1,0.5,0.5,0.05,5,0.0,0.0
CrlNetworkServices,2,MCF_ARC,SM,6,967.0,1029.6,1029.6,1.0,0.9392,0.9392,inf,15.9744,1,0.5,0.5,0.05,5,0.0,0.0
CrlNetworkServices,2,MCF_ARC,SM,7,951.0,1004.0,1004.0,1.0,0.9472,0.9472,inf,18.8679,1,0.5,0.5,0.05,5,0.0,0.0
CrlNetworkServices,3,B1,SM,1,162.0,1024.8,1024.8,1.0,0.1581,0.1581,1.159,1.159,1,0.5,0.5,0.05,5,0.0,0.0
CrlNetworkServices,3,B1,SM,2,894.0,958.4,958.4,1.0,0.9328,0.9328,inf,15.528,1,0.5,0.5,0.05,5,0.0,0.0
CrlNetworkServices,3,B1,SM,3,1023.0,1031.2,1031.2,1.0,0.992,0.992,0.5627,121.9512,1,0.5,0.5,0.05,5,0.0,0.0
CrlNetworkServices,3,B1,SM,4,897.0,958.4,958.4,1.0,0.9359,0.9359,inf,16.2866,1,0.5,0.5,0.05,5,0.0,0.0
CrlNetworkServices,3,B1,SM,5,905.0,971.2,971.2,1.0,0.9318,0.9318,inf,15.1057,1,0.5,0.5,0.05,5,0.0,0.0
CrlNetworkServices,3,B1,SM,6,945.0,968.0,968.0,1.0,0.9762,0.9762,inf,43.4783,1,0.5,0.5,0.05,5,0.0,0.0
CrlNetworkServices,3,B1,SM,7,972.0,973.6,973.6,1.0,0.9984,0.9984,0.0,625.0,1,0.5,0.5,0.05,5,0.0,0.0
CrlNetworkServices,3,B3,SM,1,940.0,1024.8,1024.8,1.0,0.9173,0.9173,0.2318,11.7925,1,0.5,0.5,0.05,5,0.0,0.0
CrlNetworkServices,3,B3,SM,2,920.0,958.4,958.4,1.0,0.9599,0.9599,0.2563,26.0417,1,0.5,0.5,0.05,5,0.0,0.0
CrlNetworkServices,3,B3,SM,3,735.0,1031.2,1031.2,1.0,0.7128,0.7128,0.844,3.3761,1,0.5,0.5,0.05,5,0.0,0.0
CrlNetworkServices,3,B3,SM,4,814.0,958.4,958.4,1.0,0.8493,0.8493,inf,6.9252,1,0.5,0.5,0.05,5,0.0,0.0
CrlNetworkServices,3,B3,SM,5,821.0,971.2,971.2,1.0,0.8453,0.8453,inf,6.6578,1,0.5,0.5,0.05,5,0.0,0.0
CrlNetworkServices,3,B3,SM,6,743.0,968.0,968.0,1.0,0.7676,0.7676,inf,4.4444,1,0.5,0.5,0.05,5,0.0,0.0
CrlNetworkServices,3,B3,SM,7,825.0,973.6,973.6,1.0,0.8474,0.8474,inf,6.7295,1,0.5,0.5,0.05,5,0.0,0.0
CrlNetworkServices,4,B1,SM,1,396.0,1032.8,1032.8,1.0,0.3834,0.3834,0.5755,1.5704,1,0.5,0.5,0.05,5,0.0,0.0
CrlNetworkServices,4,B1,SM,2,818.0,1042.4,1042.4,1.0,0.7847,0.7847,inf,4.4563,1,0.5,0.5,0.05,5,0.0,0.0
CrlNetworkServices,4,B1,SM,3,913.0,1113.6,1113.6,1.0,0.8199,0.8199,0.997,4.985,1,0.5,0.5,0.05,5,0.0,0.0
CrlNetworkServices,4,B1,SM,4,1016.0,1032.8,1032.8,1.0,0.9837,0.9837,inf,59.5238,1,0.5,0.5,0.05,5,0.0,0.0
CrlNetworkServices,4,B1,SM,5,1032.0,1032.8,1032.8,1.0,0.9992,0.9992,0.0,1250.0,1,0.5,0.5,0.05,5,0.0,0.0
CrlNetworkServices,4,B1,SM,6,1030.0,1033.6,1033.6,1.0,0.9965,0.9965,inf,277.7778,1,0.5,0.5,0.05,5,0.0,0.0
CrlNetworkServices,4,B1,SM,7,1042.0,1044.0,1044.0,1.0,0.9981,0.9981,0.0,500.0,1,0.5,0.5,0.05,5,0.0,0.0
CrlNetworkServices,4,B3,SM,1,833.0,1032.8,1032.8,1.0,0.8065,0.8065,0.2302,5.005,1,0.5,0.5,0.05,5,0.0,0.0
CrlNetworkServices,4,B3,SM,2,1316.0,1042.4,1042.4,1.0,1.2625,1.2625,0.1913,inf,0,0.5,0.5,0.05,5,0.0,0.0
CrlNetworkServices,4,B3,SM,3,743.0,1113.6,1113.6,1.0,0.6672,0.6672,1.2463,2.6983,1,0.5,0.5,0.05,5,0.0,0.0
CrlNetworkServices,4,B3,SM,4,830.0,1032.8,1032.8,1.0,0.8036,0.8036,inf,4.931,1,0.5,0.5,0.05,5,0.0,0.0
CrlNetworkServices,4,B3,SM,5,891.0,1032.8,1032.8,1.0,0.8627,0.8627,inf,7.0522,1,0.5,0.5,0.05,5,0.0,0.0
CrlNetworkServices,4,B3,SM,6,880.0,1033.6,1033.6,1.0,0.8514,0.8514,inf,6.5104,1,0.5,0.5,0.05,5,0.0,0.0
CrlNetworkServices,4,B3,SM,7,754.0,1044.0,1044.0,1.0,0.7222,0.7222,inf,3.4483,1,0.5,0.5,0.05,5,0.0,0.0
Geant2010,0,B1,SM,1,935.0,959.2,959.2,1.0,0.9748,0.9748,0.2648,41.3223,1,0.5,0.5,0.05,5,0.0,0.0
Geant2010,0,B1,SM,2,509.0,959.2,959.2,1.0,0.5307,0.5307,0.4345,2.2212,1,0.5,0.5,0.05,5,0.0,0.0
Geant2010,0,B1,SM,3,553.0,1046.4,1046.4,1.0,0.5285,0.5285,0.6756,2.0268,1,0.5,0.5,0.05,5,0.0,0.0
Geant2010,0,B1,SM,4,908.0,964.0,964.0,1.0,0.9419,0.9419,inf,17.8571,1,0.5,0.5,0.05,5,0.0,0.0
Geant2010,0,B1,SM,5,956.0,959.2,959.2,1.0,0.9967,0.9967,inf,312.5,1,0.5,0.5,0.05,5,0.0,0.0
Geant2010,0,B1,SM,6,948.0,959.2,959.2,1.0,0.9883,0.9883,inf,89.2857,1,0.5,0.5,0.05,5,0.0,0.0
Geant2010,0,B1,SM,7,957.0,959.2,959.2,1.0,0.9977,0.9977,inf,454.5455,1,0.5,0.5,0.05,5,0.0,0.0
Geant2010,0,B1,SM,8,865.0,959.2,959.2,1.0,0.9018,0.9018,inf,10.6157,1,0.5,0.5,0.05,5,0.0,0.0
Geant2010,0,B3,SM,1,990.0,959.2,959.2,1.0,1.0321,1.0321,0.2207,inf,0,0.5,0.5,0.05,5,0.0,0.0
Geant2010,0,B3,SM,2,1221.0,959.2,959.2,1.0,1.2729,1.2729,0.2172,inf,0,0.5,0.5,0.05,5,0.0,0.0
Geant2010,0,B3,SM,3,553.0,1046.4,1046.4,1.0,0.5285,0.5285,0.6756,2.0268,1,0.5,0.5,0.05,5,0.0,0.0
Geant2010,0,B3,SM,4,724.0,964.0,964.0,1.0,0.751,0.751,inf,4.1667,1,0.5,0.5,0.05,5,0.0,0.0
Geant2010,0,B3,SM,5,732.0,959.2,959.2,1.0,0.7631,0.7631,inf,4.4014,1,0.5,0.5,0.05,5,0.0,0.0
Geant2010,0,B3,SM,6,825.0,959.2,959.2,1.0,0.8601,0.8601,inf,7.4516,1,0.5,0.5,0.05,5,0.0,0.0
Geant2010,0,B3,SM,7,776.0,959.2,959.2,1.0,0.809,0.809,inf,5.4585,1,0.5,0.5,0.05,5,0.0,0.0
Geant2010,0,B3,SM,8,810.0,959.2,959.2,1.0,0.8445,0.8445,inf,6.7024,1,0.5,0.5,0.05,5,0.0,0.0
Geant2010,0,MCF_ARC,SM,1,736.0,959.2,959.2,1.0,0.7673,0.7673,0.331,4.4803,1,0.5,0.5,0.05,5,0.0,0.0
Geant2010,0,MCF_ARC,SM,2,628.0,959.2,959.2,1.0,0.6547,0.6547,0.4345,3.0193,1,0.5,0.5,0.05,5,0.0,0.0
Geant2010,0,MCF_ARC,SM,3,756.0,1046.4,1046.4,1.0,0.7225,0.7225,0.5067,3.4435,1,0.5,0.5,0.05,5,0.0,0.0
Geant2010,0,MCF_ARC,SM,4,914.0,964.0,964.0,1.0,0.9481,0.9481,inf,20.0,1,0.5,0.5,0.05,5,0.0,0.0
Geant2010,0,MCF_ARC,SM,5,909.0,959.2,959.2,1.0,0.9477,0.9477,inf,19.9203,1,0.5,0.5,0.05,5,0.0,0.0
Geant2010,0,MCF_ARC,SM,6,904.0,959.2,959.2,1.0,0.9425,0.9425,inf,18.1159,1,0.5,0.5,0.05,5,0.0,0.0
Geant2010,0,MCF_ARC,SM,7,909.0,959.2,959.2,1.0,0.9477,0.9477,inf,19.9203,1,0.5,0.5,0.05,5,0.0,0.0
Geant2010,0,MCF_ARC,SM,8,875.0,959.2,959.2,1.0,0.9122,0.9122,inf,11.8765,1,0.5,0.5,0.05,5,0.0,0.0
Geant2010,1,B1,SM,1,958.0,1018.4,1018.4,1.0,0.9407,0.9407,0.2363,16.5563,1,0.5,0.5,0.05,5,0.0,0.0
Geant2010,1,B1,SM,2,409.0,952.0,952.0,1.0,0.4296,0.4296,0.684,1.8416,1,0.5,0.5,0.05,5,0.0,0.0
Geant2010,1,B1,SM,3,512.0,952.0,952.0,1.0,0.5378,0.5378,0.7576,2.2727,1,0.5,0.5,0.05,5,0.0,0.0
Geant2010,1,B1,SM,4,918.0,1018.4,1018.4,1.0,0.9014,0.9014,inf,9.9602,1,0.5,0.5,0.05,5,0.0,0.0
Geant2010,1,B1,SM,5,952.0,954.4,954.4,1.0,0.9975,0.9975,inf,416.6667,1,0.5,0.5,0.05,5,0.0,0.0
Geant2010,1,B1,SM,6,948.0,952.0,952.0,1.0,0.9958,0.9958,inf,250.0,1,0.5,0.5,0.05,5,0.0,0.0
Geant2010,1,B1,SM,7,927.0,952.0,952.0,1.0,0.9737,0.9737,inf,40.0,1,0.5,0.5,0.05,5,0.0,0.0
Geant2010,1,B1,SM,8,958.0,968.8,968.8,1.0,0.9889,0.9889,inf,92.5926,1,0.5,0.5,0.05,5,0.0,0.0
Geant2010,1,B3,SM,1,1122.0,1018.4,1018.4,1.0,1.1017,1.1017,0.1969,inf,0,0.5,0.5,0.05,5,0.0,0.0
Geant2010,1,B3,SM,2,1020.0,952.0,952.0,1.0,1.0714,1.0714,0.228,inf,0,0.5,0.5,0.05,5,0.0,0.0
Geant2010,1,B3,SM,3,512.0,952.0,952.0,1.0,0.5378,0.5378,0.7576,2.2727,1,0.5,0.5,0.05,5,0.0,0.0
Geant2010,1,B3,SM,4,772.0,1018.4,1018.4,1.0,0.7581,0.7581,inf,4.0584,1,0.5,0.5,0.05,5,0.0,0.0
Geant2010,1,B3,SM,5,821.0,954.4,954.4,1.0,0.8602,0.8602,inf,7.4963,1,0.5,0.5,0.05,5,0.0,0.0
Geant2010,1,B3,SM,6,777.0,952.0,952.0,1.0,0.8162,0.8162,inf,5.7143,1,0.5,0.5,0.05,5,0.0,0.0
Geant2010,1,B3,SM,7,746.0,952.0,952.0,1.0,0.7836,0.7836,inf,4.8544,1,0.5,0.5,0.05,5,0.0,0.0
Geant2010,1,B3,SM,8,812.0,968.8,968.8,1.0,0.8382,0.8382,inf,6.3776,1,0.5,0.5,0.05,5,0.0,0.0
Geant2010,1,MCF_ARC,SM,1,915.0,1018.4,1018.4,1.0,0.8985,0.8985,0.2363,9.6712,1,0.5,0.5,0.05,5,0.0,0.0
Geant2010,1,MCF_ARC,SM,2,591.0,952.0,952.0,1.0,0.6208,0.6208,0.456,2.7701,1,0.5,0.5,0.05,5,0.0,0.0
Geant2010,1,MCF_ARC,SM,3,512.0,952.0,952.0,1.0,0.5378,0.5378,0.7576,2.2727,1,0.5,0.5,0.05,5,0.0,0.0
Geant2010,1,MCF_ARC,SM,4,946.0,1018.4,1018.4,1.0,0.9289,0.9289,inf,13.8122,1,0.5,0.5,0.05,5,0.0,0.0
Geant2010,1,MCF_ARC,SM,5,906.0,954.4,954.4,1.0,0.9493,0.9493,inf,20.6612,1,0.5,0.5,0.05,5,0.0,0.0
Geant2010,1,MCF_ARC,SM,6,903.0,952.0,952.0,1.0,0.9485,0.9485,inf,20.4082,1,0.5,0.5,0.05,5,0.0,0.0
Geant2010,1,MCF_ARC,SM,7,897.0,952.0,952.0,1.0,0.9422,0.9422,inf,18.1818,1,0.5,0.5,0.05,5,0.0,0.0
Geant2010,1,MCF_ARC,SM,8,912.0,968.8,968.8,1.0,0.9414,0.9414,inf,17.6056,1,0.5,0.5,0.05,5,0.0,0.0
Geant2010,2,B1,SM,1,911.0,1071.2,1071.2,1.0,0.8504,0.8504,0.2178,6.2422,1,0.5,0.5,0.05,5,0.0,0.0
Geant2010,2,B1,SM,2,596.0,980.0,980.0,1.0,0.6082,0.6082,0.4301,2.6042,1,0.5,0.5,0.05,5,0.0,0.0
Geant2010,2,B1,SM,3,378.0,978.4,978.4,1.0,0.3863,0.3863,0.8328,1.6656,1,0.5,0.5,0.05,5,0.0,0.0
Geant2010,2,B1,SM,4,994.0,1008.8,1008.8,1.0,0.9853,0.9853,inf,67.5676,1,0.5,0.5,0.05,5,0.0,0.0
Geant2010,2,B1,SM,5,978.0,980.0,980.0,1.0,0.998,0.998,inf,500.0,1,0.5,0.5,0.05,5,0.0,0.0
Geant2010,2,B1,SM,6,977.0,1008.8,1008.8,1.0,0.9685,0.9685,inf,31.4465,1,0.5,0.5,0.05,5,0.0,0.0
Geant2010,2,B1,SM,7,959.0,983.2,983.2,1.0,0.9754,0.9754,inf,41.3223,1,0.5,0.5,0.05,5,0.0,0.0
Geant2010,2,B1,SM,8,971.0,978.4,978.4,1.0,0.9924,0.9924,inf,135.1351,1,0.5,0.5,0.05,5,0.0,0.0
Geant2010,2,B3,SM,1,1070.0,1071.2,1071.2,1.0,0.9989,0.9989,0.1815,833.3333,1,0.5,0.5,0.05,5,0.0,0.0
Geant2010,2,B3,SM,2,1130.0,980.0,980.0,1.0,1.1531,1.1531,0.2151,inf,0,0.5,0.5,0.05,5,0.0,0.0
Geant2010,2,B3,SM,3,696.0,978.4,978.4,1.0,0.7114,0.7114,0.4164,3.5411,1,0.5,0.5,0.05,5,0.0,0.0
Geant2010,2,B3,SM,4,745.0,1008.8,1008.8,1.0,0.7385,0.7385,inf,3.7908,1,0.5,0.5,0.05,5,0.0,0.0
Geant2010,2,B3,SM,5,845.0,980.0,980.0,1.0,0.8622,0.8622,inf,7.4074,1,0.5,0.5,0.05,5,0.0,0.0
Geant2010,2,B3,SM,6,752.0,1008.8,1008.8,1.0,0.7454,0.7454,inf,3.8941,1,0.5,0.5,0.05,5,0.0,0.0
Geant2010,2,B3,SM,7,775.0,983.2,983.2,1.0,0.7882,0.7882,inf,4.8031,1,0.5,0.5,0.05,5,0.0,0.0
Geant2010,2,B3,SM,8,751.0,978.4,978.4,1.0,0.7676,0.7676,inf,4.3975,1,0.5,0.5,0.05,5,0.0,0.0
Geant2010,2,MCF_ARC,SM,1,949.0,1071.2,1071.2,1.0,0.8859,0.8859,0.2178,8.1833,1,0.5,0.5,0.05,5,0.0,0.0
Geant2010,2,MCF_ARC,SM,2,634.0,980.0,980.0,1.0,0.6469,0.6469,0.4301,2.8902,1,0.5,0.5,0.05,5,0.0,0.0
Geant2010,2,MCF_ARC,SM,3,594.0,978.4,978.4,1.0,0.6071,0.6071,0.5552,2.6015,1,0.5,0.5,0.05,5,0.0,0.0
Geant2010,2,MCF_ARC,SM,4,934.0,1008.8,1008.8,1.0,0.9259,0.9259,inf,13.369,1,0.5,0.5,0.05,5,0.0,0.0
Geant2010,2,MCF_ARC,SM,5,888.0,980.0,980.0,1.0,0.9061,0.9061,inf,10.8696,1,0.5,0.5,0.05,5,0.0,0.0
Geant2010,2,MCF_ARC,SM,6,949.0,1008.8,1008.8,1.0,0.9407,0.9407,inf,16.7224,1,0.5,0.5,0.05,5,0.0,0.0
Geant2010,2,MCF_ARC,SM,7,908.0,983.2,983.2,1.0,0.9235,0.9235,inf,13.2979,1,0.5,0.5,0.05,5,0.0,0.0
Geant2010,2,MCF_ARC,SM,8,908.0,978.4,978.4,1.0,0.928,0.928,inf,14.2045,1,0.5,0.5,0.05,5,0.0,0.0
Geant2010,3,B1,SM,1,830.0,1008.0,1008.0,1.0,0.8234,0.8234,0.2364,5.618,1,0.5,0.5,0.05,5,0.0,0.0
Geant2010,3,B1,SM,2,521.0,940.0,940.0,1.0,0.5543,0.5543,0.4374,2.3866,1,0.5,0.5,0.05,5,0.0,0.0
Geant2010,3,B1,SM,3,548.0,1014.4,1014.4,1.0,0.5402,0.5402,0.7147,2.1441,1,0.5,0.5,0.05,5,0.0,0.0
Geant2010,3,B1,SM,4,900.0,940.0,940.0,1.0,0.9574,0.9574,inf,25.0,1,0.5,0.5,0.05,5,0.0,0.0
Geant2010,3,B1,SM,5,923.0,954.4,954.4,1.0,0.9671,0.9671,inf,31.8471,1,0.5,0.5,0.05,5,0.0,0.0
Geant2010,3,B1,SM,6,951.0,951.2,951.2,1.0,0.9998,0.9998,inf,5000.0,1,0.5,0.5,0.05,5,0.0,0.0
Geant2010,3,B1,SM,7,952.0,956.8,956.8,1.0,0.995,0.995,inf,208.3333,1,0.5,0.5,0.05,5,0.0,0.0
Geant2010,3,B1,SM,8,871.0,976.0,976.0,1.0,0.8924,0.8924,inf,9.5238,1,0.5,0.5,0.05,5,0.0,0.0
Geant2010,3,B3,SM,1,1123.0,1008.0,1008.0,1.0,1.1141,1.1141,0.197,inf,0,0.5,0.5,0.05,5,0.0,0.0
Geant2010,3,B3,SM,2,1043.0,940.0,940.0,1.0,1.1096,1.1096,0.2187,inf,0,0.5,0.5,0.05,5,0.0,0.0
Geant2010,3,B3,SM,3,858.0,1014.4,1014.4,1.0,0.8458,0.8458,0.4288,6.3939,1,0.5,0.5,0.05,5,0.0,0.0
Geant2010,3,B3,SM,4,726.0,940.0,940.0,1.0,0.7723,0.7723,inf,4.6729,1,0.5,0.5,0.05,5,0.0,0.0
Geant2010,3,B3,SM,5,676.0,954.4,954.4,1.0,0.7083,0.7083,inf,3.592,1,0.5,0.5,0.05,5,0.0,0.0
Geant2010,3,B3,SM,6,687.0,951.2,951.2,1.0,0.7222,0.7222,inf,3.785,1,0.5,0.5,0.05,5,0.0,0.0
Geant2010,3,B3,SM,7,742.0,956.8,956.8,1.0,0.7755,0.7755,inf,4.6555,1,0.5,0.5,0.05,5,0.0,0.0
Geant2010,3,B3,SM,8,641.0,976.0,976.0,1.0,0.6568,0.6568,inf,2.9851,1,0.5,0.5,0.05,5,0.0,0.0
Geant2010,3,MCF_ARC,SM,1,904.0,1008.0,1008.0,1.0,0.8968,0.8968,0.2364,9.6154,1,0.5,0.5,0.05,5,0.0,0.0
Geant2010,3,MCF_ARC,SM,2,590.0,940.0,940.0,1.0,0.6277,0.6277,0.4374,2.8571,1,0.5,0.5,0.05,5,0.0,0.0
Geant2010,3,MCF_ARC,SM,3,548.0,1014.4,1014.4,1.0,0.5402,0.5402,0.7147,2.1441,1,0.5,0.5,0.05,5,0.0,0.0
Geant2010,3,MCF_ARC,SM,4,892.0,940.0,940.0,1.0,0.9489,0.9489,inf,20.8333,1,0.5,0.5,0.05,5,0.0,0.0
Geant2010,3,MCF_ARC,SM,5,905.0,954.4,954.4,1.0,0.9482,0.9482,inf,20.2429,1,0.5,0.5,0.05,5,0.0,0.0
Geant2010,3,MCF_ARC,SM,6,903.0,951.2,951.2,1.0,0.9493,0.9493,inf,20.7469,1,0.5,0.5,0.05,5,0.0,0.0
Geant2010,3,MCF_ARC,SM,7,907.0,956.8,956.8,1.0,0.948,0.948,inf,20.0803,1,0.5,0.5,0.05,5,0.0,0.0
Geant2010,3,MCF_ARC,SM,8,847.0,976.0,976.0,1.0,0.8678,0.8678,inf,7.7519,1,0.5,0.5,0.05,5,0.0,0.0
Geant2010,4,B1,SM,1,833.0,1014.4,1014.4,1.0,0.8212,0.8212,0.294,5.5127,1,0.5,0.5,0.05,5,0.0,0.0
Geant2010,4,B1,SM,2,567.0,1028.0,1028.0,1.0,0.5516,0.5516,0.389,2.1692,1,0.5,0.5,0.05,5,0.0,0.0
Geant2010,4,B1,SM,3,537.0,1054.4,1054.4,1.0,0.5093,0.5093,0.6442,1.9327,1,0.5,0.5,0.05,5,0.0,0.0
Geant2010,4,B1,SM,4,960.0,1014.4,1014.4,1.0,0.9464,0.9464,inf,18.3824,1,0.5,0.5,0.05,5,0.0,0.0
Geant2010,4,B1,SM,5,1014.0,1015.2,1015.2,1.0,0.9988,0.9988,0.0,833.3333,1,0.5,0.5,0.05,5,0.0,0.0
Geant2010,4,B1,SM,6,1018.0,1018.4,1018.4,1.0,0.9996,0.9996,inf,2500.0,1,0.5,0.5,0.05,5,0.0,0.0
Geant2010,4,B1,SM,7,1028.0,1029.6,1029.6,1.0,0.9984,0.9984,inf,625.0,1,0.5,0.5,0.05,5,0.0,0.0
Geant2010,4,B1,SM,8,1056.0,1070.4,1070.4,1.0,0.9865,0.9865,inf,69.4444,1,0.5,0.5,0.05,5,0.0,0.0
Geant2010,4,B3,SM,1,1016.0,1014.4,1014.4,1.0,1.0016,1.0016,0.196,inf,0,0.5,0.5,0.05,5,0.0,0.0
Geant2010,4,B3,SM,2,1296.0,1028.0,1028.0,1.0,1.2607,1.2607,0.1945,inf,0,0.5,0.5,0.05,5,0.0,0.0
Geant2010,4,B3,SM,3,927.0,1054.4,1054.4,1.0,0.8792,0.8792,0.3865,7.8493,1,0.5,0.5,0.05,5,0.0,0.0
Geant2010,4,B3,SM,4,783.0,1014.4,1014.4,1.0,0.7719,0.7719,inf,4.3215,1,0.5,0.5,0.05,5,0.0,0.0
Geant2010,4,B3,SM,5,819.0,1015.2,1015.2,1.0,0.8067,0.8067,inf,5.0968,1,0.5,0.5,0.05,5,0.0,0.0
Geant2010,4,B3,SM,6,695.0,1018.4,1018.4,1.0,0.6824,0.6824,inf,3.0921,1,0.5,0.5,0.05,5,0.0,0.0
Geant2010,4,B3,SM,7,687.0,1029.6,1029.6,1.0,0.6672,0.6672,inf,2.9189,1,0.5,0.5,0.05,5,0.0,0.0
Geant2010,4,B3,SM,8,790.0,1070.4,1070.4,1.0,0.738,0.738,inf,3.5663,1,0.5,0.5,0.05,5,0.0,0.0
Geant2010,4,MCF_ARC,SM,1,826.0,1014.4,1014.4,1.0,0.8143,0.8143,0.294,5.3079,1,0.5,0.5,0.05,5,0.0,0.0
Geant2010,4,MCF_ARC,SM,2,837.0,1028.0,1028.0,1.0,0.8142,0.8142,0.2917,5.2356,1,0.5,0.5,0.05,5,0.0,0.0
Geant2010,4,MCF_ARC,SM,3,537.0,1054.4,1054.4,1.0,0.5093,0.5093,0.6442,1.9327,1,0.5,0.5,0.05,5,0.0,0.0
Geant2010,4,MCF_ARC,SM,4,960.0,1014.4,1014.4,1.0,0.9464,0.9464,inf,18.3824,1,0.5,0.5,0.05,5,0.0,0.0
Geant2010,4,MCF_ARC,SM,5,958.0,1015.2,1015.2,1.0,0.9437,0.9437,inf,17.4825,1,0.5,0.5,0.05,5,0.0,0.0
Geant2010,4,MCF_ARC,SM,6,953.0,1018.4,1018.4,1.0,0.9358,0.9358,inf,15.2905,1,0.5,0.5,0.05,5,0.0,0.0
Geant2010,4,MCF_ARC,SM,7,961.0,1029.6,1029.6,1.0,0.9334,0.9334,inf,14.5773,1,0.5,0.5,0.05,5,0.0,0.0
Geant2010,4,MCF_ARC,SM,8,981.0,1070.4,1070.4,1.0,0.9165,0.9165,inf,11.1857,1,0.5,0.5,0.05,5,0.0,0.0
Bellcanada,0,B1,SM,1,204.0,1000.0,1000.0,1.0,0.204,0.204,1.2563,1.2563,1,0.5,0.5,0.05,5,0.0,0.0
Bellcanada,0,B1,SM,2,633.0,1000.0,1000.0,1.0,0.633,0.633,inf,2.7248,1,0.5,0.5,0.05,5,0.0,0.0
Bellcanada,0,B1,SM,3,1011.0,1011.2,1011.2,1.0,0.9998,0.9998,0.2531,5000.0,1,0.5,0.5,0.05,5,0.0,0.0
Bellcanada,0,B1,SM,4,927.0,1000.0,1000.0,1.0,0.927,0.927,2.7397,13.6986,1,0.5,0.5,0.05,5,0.0,0.0
Bellcanada,0,B1,SM,5,980.0,1000.0,1000.0,1.0,0.98,0.98,inf,50.0,1,0.5,0.5,0.05,5,0.0,0.0
Bellcanada,0,B1,SM,6,855.0,1000.0,1000.0,1.0,0.855,0.855,inf,6.8966,1,0.5,0.5,0.05,5,0.0,0.0
Bellcanada,0,B1,SM,7,975.0,1000.0,1000.0,1.0,0.975,0.975,0.0,40.0,1,0.5,0.5,0.05,5,0.0,0.0
Bellcanada,0,B1,SM,8,1070.0,1083.2,1083.2,1.0,0.9878,0.9878,inf,75.7576,1,0.5,0.5,0.05,5,0.0,0.0
Bellcanada,0,B1,SM,9,996.0,1000.0,1000.0,1.0,0.996,0.996,inf,250.0,1,0.5,0.5,0.05,5,0.0,0.0
Bellcanada,0,B1,SM,10,990.0,1000.0,1000.0,1.0,0.99,0.99,inf,100.0,1,0.5,0.5,0.05,5,0.0,0.0
Bellcanada,0,B3,SM,1,1140.0,1000.0,1000.0,1.0,1.14,1.14,0.1795,inf,0,0.5,0.5,0.05,5,0.0,0.0
Bellcanada,0,B3,SM,2,1625.0,1000.0,1000.0,1.0,1.625,1.625,0.1547,inf,0,0.5,0.5,0.05,5,0.0,0.0
Bellcanada,0,B3,SM,3,221.0,1011.2,1011.2,1.0,0.2186,0.2186,1.2655,1.2655,1,0.5,0.5,0.05,5,0.0,0.0
Bellcanada,0,B3,SM,4,758.0,1000.0,1000.0,1.0,0.758,0.758,3.4247,4.1322,1,0.5,0.5,0.05,5,0.0,0.0
Bellcanada,0,B3,SM,5,745.0,1000.0,1000.0,1.0,0.745,0.745,inf,3.9216,1,0.5,0.5,0.05,5,0.0,0.0
Bellcanada,0,B3,SM,6,860.0,1000.0,1000.0,1.0,0.86,0.86,inf,7.1429,1,0.5,0.5,0.05,5,0.0,0.0
Bellcanada,0,B3,SM,7,728.0,1000.0,1000.0,1.0,0.728,0.728,inf,3.6765,1,0.5,0.5,0.05,5,0.0,0.0
Bellcanada,0,B3,SM,8,862.0,1083.2,1083.2,1.0,0.7958,0.7958,inf,4.5208,1,0.5,0.5,0.05,5,0.0,0.0
Bellcanada,0,B3,SM,9,840.0,1000.0,1000.0,1.0,0.84,0.84,inf,6.25,1,0.5,0.5,0.05,5,0.0,0.0
Bellcanada,0,B3,SM,10,862.0,1000.0,1000.0,1.0,0.862,0.862,inf,7.2464,1,0.5,0.5,0.05,5,0.0,0.0
Bellcanada,0,MCF_ARC,SM,1,204.0,1000.0,1000.0,1.0,0.204,0.204,1.2563,1.2563,1,0.5,0.5,0.05,5,0.0,0.0
Bellcanada,0,MCF_ARC,SM,2,949.0,1000.0,1000.0,1.0,0.949,0.949,0.2475,19.6078,1,0.5,0.5,0.05,5,0.0,0.0
Bellcanada,0,MCF_ARC,SM,3,944.0,1011.2,1011.2,1.0,0.9335,0.9335,0.2531,14.881,1,0.5,0.5,0.05,5,0.0,0.0
Bellcanada,0,MCF_ARC,SM,4,927.0,1000.0,1000.0,1.0,0.927,0.927,2.7397,13.6986,1,0.5,0.5,0.05,5,0.0,0.0
Bellcanada,0,MCF_ARC,SM,5,949.0,1000.0,1000.0,1.0,0.949,0.949,inf,19.6078,1,0.5,0.5,0.05,5,0.0,0.0
Bellcanada,0,MCF_ARC,SM,6,932.0,1000.0,1000.0,1.0,0.932,0.932,inf,14.7059,1,0.5,0.5,0.05,5,0.0,0.0
Bellcanada,0,MCF_ARC,SM,7,939.0,1000.0,1000.0,1.0,0.939,0.939,inf,16.3934,1,0.5,0.5,0.05,5,0.0,0.0
Bellcanada,0,MCF_ARC,SM,8,942.0,1083.2,1083.2,1.0,0.8696,0.8696,inf,7.0822,1,0.5,0.5,0.05,5,0.0,0.0
Bellcanada,0,MCF_ARC,SM,9,938.0,1000.0,1000.0,1.0,0.938,0.938,inf,16.129,1,0.5,0.5,0.05,5,0.0,0.0
Bellcanada,0,MCF_ARC,SM,10,917.0,1000.0,1000.0,1.0,0.917,0.917,inf,12.0482,1,0.5,0.5,0.05,5,0.0,0.0
Bellcanada,1,B1,SM,1,172.0,1042.4,1042.4,1.0,0.165,0.165,1.1489,1.1489,1,0.5,0.5,0.05,5,0.0,0.0
Bellcanada,1,B1,SM,2,695.0,977.6,977.6,1.0,0.7109,0.7109,0.4406,3.5386,1,0.5,0.5,0.05,5,0.0,0.0
Bellcanada,1,B1,SM,3,951.0,977.6,977.6,1.0,0.9728,0.9728,0.2343,37.594,1,0.5,0.5,0.05,5,0.0,0.0
Bellcanada,1,B1,SM,4,1034.0,1042.4,1042.4,1.0,0.9919,0.9919,19.8413,119.0476,1,0.5,0.5,0.05,5,0.0,0.0
Bellcanada,1,B1,SM,5,949.0,982.4,982.4,1.0,0.966,0.966,inf,29.9401,1,0.5,0.5,0.05,5,0.0,0.0
Bellcanada,1,B1,SM,6,972.0,977.6,977.6,1.0,0.9943,0.9943,inf,178.5714,1,0.5,0.5,0.05,5,0.0,0.0
Bellcanada,1,B1,SM,7,892.0,977.6,977.6,1.0,0.9124,0.9124,inf,11.6822,1,0.5,0.5,0.05,5,0.0,0.0
Bellcanada,1,B1,SM,8,888.0,994.4,994.4,1.0,0.893,0.893,inf,9.3985,1,0.5,0.5,0.05,5,0.0,0.0
Bellcanada,1,B1,SM,9,921.0,977.6,977.6,1.0,0.9421,0.9421,inf,17.6678,1,0.5,0.5,0.05,5,0.0,0.0
Bellcanada,1,B1,SM,10,974.0,977.6,977.6,1.0,0.9963,0.9963,inf,277.7778,1,0.5,0.5,0.05,5,0.0,0.0
Bellcanada,1,B3,SM,1,1644.0,1042.4,1042.4,1.0,1.5771,1.5771,0.1436,inf,0,0.5,0.5,0.05,5,0.0,0.0
Bellcanada,1,B3,SM,2,221.0,977.6,977.6,1.0,0.2261,0.2261,1.3217,1.3217,1,0.5,0.5,0.05,5,0.0,0.0
Bellcanada,1,B3,SM,3,1103.0,977.6,977.6,1.0,1.1283,1.1283,0.1464,inf,0,0.5,0.5,0.05,5,0.0,0.0
Bellcanada,1,B3,SM,4,714.0,1042.4,1042.4,1.0,0.685,0.685,29.7619,3.0451,1,0.5,0.5,0.05,5,0.0,0.0
Bellcanada,1,B3,SM,5,807.0,982.4,982.4,1.0,0.8215,0.8215,inf,5.7013,1,0.5,0.5,0.05,5,0.0,0.0
Bellcanada,1,B3,SM,6,829.0,977.6,977.6,1.0,0.848,0.848,inf,6.7295,1,0.5,0.5,0.05,5,0.0,0.0
Bellcanada,1,B3,SM,7,716.0,977.6,977.6,1.0,0.7324,0.7324,inf,3.8226,1,0.5,0.5,0.05,5,0.0,0.0
Bellcanada,1,B3,SM,8,729.0,994.4,994.4,1.0,0.7331,0.7331,inf,3.7679,1,0.5,0.5,0.05,5,0.0,0.0
Bellcanada,1,B3,SM,9,841.0,977.6,977.6,1.0,0.8603,0.8603,inf,7.3206,1,0.5,0.5,0.05,5,0.0,0.0
Bellcanada,1,B3,SM,10,844.0,977.6,977.6,1.0,0.8633,0.8633,inf,7.485,1,0.5,0.5,0.05,5,0.0,0.0
