batch_ts,run_index,topology,algo,nodes,num_switches,num_controllers,objective,alpha,beta,k_paths,link_sens,obj_value,solve_time_sec,mip_gap,status,ctrl_load_mean_init,ctrl_load_mean_final,ctrl_load_max_init,ctrl_load_max_final,ctrl_capacity_mean,ctrl_usable_capacity_mean,mig_total,mig_count,mig_cc,mig_rt_penalty,load_dev_init,load_dev_final,ctrl_util_mean_init,ctrl_util_mean_final,ctrl_util_max_init,ctrl_util_max_final,delta_ctrl_util_max,ctrl_util_p95_init,ctrl_util_p95_final,ctrl_util_std_final,ctrl_util_cov_final,jain_load_init,jain_load_final,ctrl_headroom_mean_final,ctrl_headroom_p50_final,ctrl_headroom_p95_final,rt_mean_init_ms,rt_mean_final_ms,delta_rt_mean_ms,rt_max_init_ms,rt_max_final_ms,rt_p95_init_ms,rt_p95_final_ms,delta_rt_p95_ms,prop_delay_mean_ms,prop_delay_max_ms,queue_delay_mean_ms,queue_delay_max_ms,sync_delay_ms,ctrl_rt_mean_ms,ctrl_rt_p95_ms,ctrl_rt_max_ms,unstable_controllers,link_util_mean,link_util_max,link_util_p95,violated_links_count,excess_util_total,rebalanced_load_total
20260521_205055,0,CrlNetworkServices,,33,33,7,maxmin,0.5,0.5,5,0.0,5152010.462180121,0.08256759899995814,0.0,SUCCESS,nan,850.8571428571429,nan,1044.0,1246.2857142857142,997.0285714285716,5106261.350830043,7,5106254.350830043,0.0,1039.0,840.0,0.6826987834767425,0.6814929053477033,1.0,0.7993501218521527,-0.2006498781478473,0.9870836718115353,0.7976441917140537,0.21226265993058152,0.31146716020804843,0.8011776705142416,0.9095173467787147,0.3185070946522966,0.23763179237631793,0.6700243704305439,42.457529477359245,nan,nan,inf,1299.3306805214525,nan,nan,nan,14.456019610999588,48.86614896665297,261.46735446843365,1249.9999999998934,27.679171515830486,0.0,0.0,0.0,0,0.62523421838488,1.6157488449234145,0.9095814179679087,4,1.1204853916253978,872.0
20260521_205057,0,CrlNetworkServices,,33,33,7,maxmin,0.5,0.5,5,0.0,1621265393.4197323,0.0008597819996793987,,SUCCESS,850.8571428571429,850.8571428571429,1231.0,1142.0,1246.2857142857142,997.0285714285716,10977191.327386448,8,10977183.327386448,0.0,1039.0,392.0,0.6826987834767425,0.6841918886373236,1.0,0.9277010560519903,-0.07229894394800973,0.9870836718115353,0.8577579203899268,0.10874542248864391,0.1589399469573187,0.8011776705142416,0.9786449001788126,0.31580811136267634,0.32250203086921203,0.4235265861453372,42.457529477359245,nan,nan,inf,inf,nan,nan,nan,15.780327180670758,60.422108913999494,5.793125533747674,7.704160246533124,27.679171515830486,0.0,0.0,0.0,1,0.7516500932875729,2.760007243931147,2.007069572486724,6,4.81520017940393,1499.0
20260521_205058,0,CrlNetworkServices,,33,0,0,maxmin,0.5,0.5,5,0.0,,0.0,,INF_OR_UNBOUNDED_MCF_ARC,nan,nan,nan,nan,nan,nan,nan,0,nan,nan,0.0,0.0,0.0,0.0,0.0,0.0,0.0,0.0,0.0,0.0,0.0,0.0,0.0,0.0,0.0,0.0,0.0,0.0,0.0,0.0,0.0,0.0,0.0,0.0,0.0,0.0,0.0,0.0,0.0,0.0,0.0,0.0,0,0.0,0.0,0.0,0,0.0,0.0
20260521_205100,1,CrlNetworkServices,,33,33,7,maxmin,0.5,0.5,5,0.0,4576446.369746282,0.04591224700016028,3.4581983623379504e-05,SUCCESS,nan,825.2857142857143,nan,957.0,1217.7142857142858,974.1714285714286,4231811.081980425,6,4231805.081980425,0.0,1088.0,641.0,0.6799657635075353,0.6812154994596437,0.987460815047022,0.7998324958123953,-0.18762831923462664,0.9829311132464833,0.7989295698111516,0.18676887357262215,0.2741700294851947,0.7921749409157407,0.9332819624192541,0.31878450054035623,0.2303182579564489,0.6422236574723144,42.124313693323195,nan,nan,inf,5048.758642472109,nan,nan,nan,15.056087841840137,48.86614896665297,976.551386484698,4999.999999998863,27.679171515830486,0.0,0.0,0.0,0,0.6693420897581924,2.1059454347306312,0.9056279518743897,5,1.626197321019775,816.0
20260521_205102,1,CrlNetworkServices,,33,33,7,maxmin,0.5,0.5,5,0.0,1132261800.8786821,0.0009615109993319493,,SUCCESS,825.2857142857143,825.2857142857143,1260.0,966.0,1217.7142857142858,974.1714285714286,10303059.410837147,8,10303051.410837147,0.0,1088.0,206.0,0.6799657635075353,0.677132381830912,0.987460815047022,0.7570532915360502,-0.23040752351097182,0.9829311132464833,0.7357161985475968,0.03610258465138076,0.05331687808780058,0.7921749409157407,0.9942834345713792,0.32286761816908804,0.33026755852842804,0.3589614740368509,42.124313693323195,nan,nan,inf,82.33999433064001,nan,nan,nan,16.24450617214735,48.86614896665297,8.052953271412218,18.24817518248173,27.679171515830486,0.0,0.0,0.0,0,0.7666754128043338,2.9681513402480224,1.9851020146875702,6,5.034051529741983,1384.0
20260521_205103,1,CrlNetworkServices,,33,0,0,maxmin,0.5,0.5,5,0.0,,0.0,,INF_OR_UNBOUNDED_MCF_ARC,nan,nan,nan,nan,nan,nan,nan,0,nan,nan,0.0,0.0,0.0,0.0,0.0,0.0,0.0,0.0,0.0,0.0,0.0,0.0,0.0,0.0,0.0,0.0,0.0,0.0,0.0,0.0,0.0,0.0,0.0,0.0,0.0,0.0,0.0,0.0,0.0,0.0,0.0,0.0,0,0.0,0.0,0.0,0,0.0,0.0
20260521_205105,2,CrlNetworkServices,,33,33,7,maxmin,0.5,0.5,5,0.0,5049930.638802529,0.038021521000700886,0.0,SUCCESS,nan,865.1428571428571,nan,1028.0,1278.7142857142858,1022.9714285714288,4631069.6283473335,9,4631060.6283473335,0.0,1126.0,698.0,0.6813464175393021,0.6812283347921103,0.9937839937839937,0.799203187250996,-0.1945808065329977,0.9898212898212897,0.7990692707027369,0.18792575396700564,0.275863090786373,0.7852080077345966,0.9331546703919098,0.31877166520788974,0.2324281150159745,0.6420752272206341,43.036110585947604,nan,nan,inf,1052.0728392604024,nan,nan,nan,14.555479653494869,48.86614896665297,299.006223060834,1000.0,27.679171515830486,0.0,0.0,0.0,0,0.6177927226461741,1.7363772861839655,0.9021258234488106,4,1.224362587578232,822.0
20260521_205107,2,CrlNetworkServices,,33,33,7,maxmin,0.5,0.5,5,0.0,1239951953.7656257,0.0009292690010624938,,SUCCESS,865.1428571428571,865.1428571428571,1279.0,964.0,1278.7142857142858,1022.9714285714288,10303059.410837147,8,10303051.410837147,0.0,1126.0,227.0,0.6813464175393021,0.6762144061153265,0.9937839937839937,0.7539936102236422,-0.23979038356035154,0.9898212898212897,0.7395085579032552,0.0471677923420256,0.06975271735630735,0.7852080077345966,0.993310407606495,0.32378559388467354,0.32400932400932403,0.39383571146723007,43.036110585947604,nan,nan,inf,83.65769601591163,nan,nan,nan,15.593115630665176,48.86614896665297,7.860809550549668,17.361111111111104,27.679171515830486,0.0,0.0,0.0,0,0.6943613565419149,2.8889982291568552,1.2050969607202995,5,3.326111440963287,1550.0
20260521_205108,2,CrlNetworkServices,,33,0,0,maxmin,0.5,0.5,5,0.0,,0.0,,INF_OR_UNBOUNDED_MCF_ARC,nan,nan,nan,nan,nan,nan,nan,0,nan,nan,0.0,0.0,0.0,0.0,0.0,0.0,0.0,0.0,0.0,0.0,0.0,0.0,0.0,0.0,0.0,0.0,0.0,0.0,0.0,0.0,0.0,0.0,0.0,0.0,0.0,0.0,0.0,0.0,0.0,0.0,0.0,0.0,0,0.0,0.0,0.0,0,0.0,0.0
20260521_205110,3,CrlNetworkServices,,33,33,7,maxmin,0.5,0.5,5,0.0,5388562.215342212,0.025919858999259304,0.0,SUCCESS,nan,828.2857142857143,nan,1023.0,1229.5714285714287,983.657142857143,5249110.087383526,8,5249102.087383526,0.0,1054.0,861.0,0.6784725726148767,0.6771771974155474,0.9991783073130649,0.7986852917009039,-0.20049301561216104,0.9972007624008588,0.7971712480230609,0.2258149234983584,0.3334650433596746,0.7769934272402905,0.9004300725737424,0.3228228025844526,0.25125208681135225,0.687834553163907,40.514024534194355,nan,nan,inf,677.0728392603936,nan,nan,nan,14.45601961099959,48.86614896665297,149.54119138755252,624.9999999999911,27.679171515830486,0.0,0.0,0.0,0,0.6403717389012805,1.900548011184176,0.904962052828612,4,1.3508119476016,1004.0
20260521_205112,3,CrlNetworkServices,,33,33,7,maxmin,0.5,0.5,5,0.0,1212263525.904677,0.0009644609999668319,,SUCCESS,828.2857142857143,828.2857142857143,1216.0,940.0,1229.5714285714287,983.657142857143,10303059.410837147,8,10303051.410837147,0.0,1054.0,205.0,0.6784725726148767,0.6742351943622923,0.9991783073130649,0.7679465776293823,-0.23123172968368255,0.9972007624008588,0.7577031195630501,0.06189690247426744,0.09180313189199654,0.7769934272402905,0.9923266551645801,0.32576480563770754,0.3221035332785538,0.41663849867601893,40.514024534194355,nan,nan,inf,87.56280275370993,nan,nan,nan,16.24450617214735,48.86614896665297,9.75803413768395,26.041666666666604,27.679171515830486,0.0,0.0,0.0,0,0.8152001612441515,3.665578685918698,2.6136033324355914,5,6.906883619162088,1520.0
20260521_205113,3,CrlNetworkServices,,33,0,0,maxmin,0.5,0.5,5,0.0,,0.0,,INF_OR_UNBOUNDED_MCF_ARC,nan,nan,nan,nan,nan,nan,nan,0,nan,nan,0.0,0.0,0.0,0.0,0.0,0.0,0.0,0.0,0.0,0.0,0.0,0.0,0.0,0.0,0.0,0.0,0.0,0.0,0.0,0.0,0.0,0.0,0.0,0.0,0.0,0.0,0.0,0.0,0.0,0.0,0.0,0.0,0,0.0,0.0,0.0,0,0.0,0.0
20260521_205115,4,CrlNetworkServices,,33,33,7,maxmin,0.5,0.5,5,0.0,5149714.325671497,0.11347060200023407,0.0,SUCCESS,nan,892.4285714285714,nan,1042.0,1309.2857142857142,1047.4285714285716,4700107.184038673,8,4700099.184038673,0.0,1119.0,646.0,0.6822040045163524,0.6817800029384448,0.9930340557275542,0.7993803253292022,-0.193653730398352,0.9851315849426729,0.799106457615499,0.16736657896444285,0.24548472856801246,0.7809110485390783,0.9443627798365272,0.31821999706155524,0.2130131680867544,0.596948114135704,35.652442334342496,nan,nan,inf,1351.6604139002507,nan,nan,nan,15.273255897499757,73.9812423843492,363.9447561840497,1250.0000000000712,27.679171515830486,0.0,0.0,0.0,0,0.6989147001361945,2.7993803912279844,1.102774613596343,5,2.804710066382876,879.0
20260521_205117,4,CrlNetworkServices,,33,33,7,maxmin,0.5,0.5,5,0.0,1756098201.4647121,0.000928596999074216,,SUCCESS,892.4285714285714,892.4285714285714,1283.0,1316.0,1309.2857142857142,1047.4285714285716,11458656.4055718,9,11458647.4055718,0.0,1119.0,573.0,0.6822040045163524,0.6829921513440408,0.9930340557275542,1.009976976208749,0.016942920481194723,0.9851315849426729,0.9140326827264493,0.14310081456789833,0.20952043780634128,0.7809110485390783,0.9606289189927727,0.3170078486559592,0.35476374903175834,0.4530316091954023,35.652442334342496,nan,nan,inf,inf,nan,nan,nan,16.03589828159918,55.10926711404133,5.079567285995162,7.052186177715094,27.679171515830486,0.0,0.0,0.0,1,0.8739669032410596,3.940001964517536,3.1007290832631482,6,8.112873110233696,1814.0
20260521_205118,4,CrlNetworkServices,,33,0,0,maxmin,0.5,0.5,5,0.0,,0.0,,INF_OR_UNBOUNDED_MCF_ARC,nan,nan,nan,nan,nan,nan,nan,0,nan,nan,0.0,0.0,0.0,0.0,0.0,0.0,0.0,0.0,0.0,0.0,0.0,0.0,0.0,0.0,0.0,0.0,0.0,0.0,0.0,0.0,0.0,0.0,0.0,0.0,0.0,0.0,0.0,0.0,0.0,0.0,0.0,0.0,0,0.0,0.0,0.0,0,0.0,0.0
20260521_205122,0,Geant2010,,37,37,8,maxmin,0.5,0.5,5,0.0,4153945.5673965714,0.06683670200072811,1.121009603406012e-16,SUCCESS,nan,828.875,nan,957.0,1213.375,970.7,4117445.4345910028,9,4117436.4345910028,0.0,994.0,448.0,0.6859470187235328,0.6860295563845851,0.9891576313594662,0.7981651376146789,-0.19099249374478733,0.9879899916597163,0.7978732276897414,0.15337900901093676,0.2235749284903305,0.802039983142812,0.9574894739693601,0.3139704436154149,0.23332825764208764,0.57660897970531,29.313773854075997,nan,nan,inf,508.11718425321624,nan,nan,nan,12.702288365075772,33.54418215047404,127.90976658602153,454.5454545454451,23.654199537776943,0.0,0.0,0.0,0,0.6250856894018608,1.7767509577766185,1.0321463981389436,4,1.7378271502127893,1048.0
20260521_205126,0,Geant2010,,37,37,8,maxmin,0.5,0.5,5,0.0,620399250.9085282,0.0011619310007517925,,SUCCESS,828.875,828.875,1186.0,1221.0,1213.375,970.7,7586509.586137196,10,7586499.586137196,0.0,994.0,668.0,0.6859470187235328,0.6861250716652997,0.9891576313594662,1.018348623853211,0.029190992493744683,0.9879899916597163,0.9509174311926605,0.16348645893140404,0.2382750109023195,0.802039983142812,0.951627812172169,0.3138749283347003,0.3386155129274395,0.5149006750669356,29.313773854075997,nan,nan,inf,inf,nan,nan,nan,12.776592651842455,31.81455517310637,5.318260380619616,7.451564828614006,23.654199537776943,0.0,0.0,0.0,2,0.6705024969638589,2.891682779812642,1.631936486920775,5,4.520192795153848,1815.0
20260521_205226,0,Geant2010,,37,37,8,maxmin,0.5,0.5,5,0.0,2657577.1096800026,55.43413047300055,5.333439382379382e-07,SUCCESS,828.875,828.875,1186.0,914.0,1213.375,970.7,5314770.203308299,11,5314759.203308299,0.0,994.0,361.0,0.6859470187235328,0.6860264417558662,0.9891576313594662,0.75850622406639,-0.2306514072930762,0.9879899916597163,0.7583751674112935,0.1088169096711016,0.15861911880916374,0.802039983142812,0.980430373688654,0.31397355824413387,0.25813177648040037,0.5047991381706978,29.313773854075997,nan,nan,inf,73.4920484328707,nan,nan,nan,13.010782244745094,33.54418215047404,14.106174323820857,20.0,23.654199537776943,52.324187284448534,67.6232781344023,74.04548947141376,0,0.6450200092328601,1.0000000000000049,0.9655099912927907,7,0.9204831949166964,1171.0
20260521_205230,1,Geant2010,,37,37,8,maxmin,0.5,0.5,5,0.0,3025834.54436161,0.03162421199886012,0.0,SUCCESS,nan,822.75,nan,958.0,1213.75,971.0,3359246.648176436,6,3359240.648176436,0.0,1010.0,549.0,0.6801039938494473,0.6765417572446086,0.9907795473595976,0.7979882648784576,-0.19279128248113997,0.9752205786161083,0.7975159015827622,0.17029303316971525,0.25171104569107117,0.7975506939359325,0.9382064042117708,0.32345824275539137,0.23422768950470996,0.6260084033613444,29.445732314712522,nan,nan,inf,457.57856901322117,nan,nan,nan,12.357378982592273,31.81455517310637,115.45871799258596,416.6666666666509,23.654199537776943,0.0,0.0,0.0,0,0.5976019608071521,2.206126213276608,0.912920469272593,4,1.8201092910107033,974.0
20260521_205234,1,Geant2010,,37,37,8,maxmin,0.5,0.5,5,0.0,556367328.7561582,0.0011684229993988993,,SUCCESS,822.75,822.75,1182.0,1122.0,1213.75,971.0,7586509.586137196,10,7586499.586137196,0.0,1010.0,610.0,0.6801039938494473,0.676719026979665,0.9907795473595976,0.8813825608798115,-0.10939698647978613,0.9752205786161083,0.8728986645718775,0.13385759515749038,0.1978038001309408,0.7975506939359325,0.9582906125985261,0.32328097302033504,0.33826929615776946,0.5080816175645434,29.445732314712522,nan,nan,inf,inf,nan,nan,nan,12.632633925164065,33.383193726930486,5.28214792670311,7.496251874062963,23.654199537776943,0.0,0.0,0.0,2,0.6514755544188044,2.2299384310865333,1.2985679177389584,5,3.10091718612977,1749.0
20260521_205259,1,Geant2010,,37,37,8,maxmin,0.5,0.5,5,0.0,2156547.011231039,21.124687215999074,3.456227086132238e-06,SUCCESS,822.75,822.75,1182.0,943.0,1213.75,971.0,4312639.934897853,8,4312631.934897853,0.0,1010.0,431.0,0.6801039938494473,0.6767404302849487,0.9907795473595976,0.7594300083822296,-0.23134953897736799,0.9752205786161083,0.7592177407425669,0.12480196634509695,0.18441630019437108,0.7975506939359325,0.9642707188537883,0.32325956971505143,0.2530667752981799,0.5465126050420168,29.445732314712522,nan,nan,inf,73.6505728927015,nan,nan,nan,13.232026810540901,31.81455517310637,14.408965417902154,20.66115702479335,23.654199537776943,52.52772475254021,72.0747045372373,75.21291820197635,0,0.6189991483253012,0.9953001685700835,0.912920469272593,4,0.5550856549553159,1141.0
20260521_205303,2,Geant2010,,37,37,8,maxmin,0.5,0.5,5,0.0,4565422.911978494,0.26329167599942593,2.039948089303902e-16,SUCCESS,nan,845.5,nan,994.0,1248.25,998.6000000000001,4843665.093931926,8,4843657.093931926,0.0,1097.0,616.0,0.6814653422933579,0.6764545224815367,0.9942857142857143,0.7983673469387755,-0.1959183673469388,0.9932325818511386,0.7968210322559113,0.17054189717411847,0.2521114007021415,0.764084145743172,0.9391371375947682,0.3235454775184633,0.2224544432105688,0.6288148580773273,27.880638228783695,nan,nan,inf,550.8126418592348,nan,nan,nan,12.375671192500842,33.54418215047404,121.27783661054845,500.0,23.654199537776943,0.0,0.0,0.0,0,0.6040125382446322,1.6440484767985402,0.9430143029238577,5,1.3163398696185578,1149.0
20260521_205307,2,Geant2010,,37,37,8,maxmin,0.5,0.5,5,0.0,783804023.1396706,0.0014010250015417114,,SUCCESS,845.5,845.5,1250.0,1130.0,1248.25,998.6000000000001,9971247.048544215,12,9971235.048544215,0.0,1097.0,434.0,0.6814653422933579,0.6765314890116237,0.9942857142857143,0.9224489795918367,-0.07183673469387764,0.9932325818511386,0.8792781698190852,0.1156554249878914,0.1709534986418116,0.764084145743172,0.9684298902224339,0.3234685109883763,0.37767112177966783,0.42330960969470294,27.880638228783695,nan,nan,inf,inf,nan,nan,nan,12.658514360157387,33.383193726930486,165.12074563333786,833.3333333333018,23.654199537776943,0.0,0.0,0.0,1,0.6990248276593396,3.3655340195332437,1.3701903447923802,9,4.988838751135081,2160.0
20260521_205408,2,Geant2010,,37,37,8,maxmin,0.5,0.5,5,0.0,2950407.040733615,57.13096346199927,8.04268603655286e-07,SUCCESS,845.5,845.5,1250.0,949.0,1248.25,998.6000000000001,5900434.676848154,11,5900423.676848154,0.0,1097.0,355.0,0.6814653422933579,0.6769682673474695,0.9942857142857143,0.7599674532139952,-0.23431826107171916,0.9932325818511386,0.7598414774590887,0.1105069307320654,0.16323797740927962,0.764084145743172,0.9729931776034844,0.32303173265253043,0.25257731958762886,0.5091580422847798,27.880638228783695,nan,nan,inf,75.79395796291581,nan,nan,nan,13.27882281896213,31.81455517310637,13.620910163693663,20.3252032520325,23.654199537776943,52.279459028815516,73.07211945790219,75.80411189875902,0,0.6192690774347103,1.0000000000000093,1.0,8,1.306788517103056,1356.0
20260521_205413,3,Geant2010,,37,37,8,maxmin,0.5,0.5,5,0.0,3924946.7764308937,0.032637844000419136,0.0,SUCCESS,nan,812.0,nan,952.0,1209.5,967.6000000000001,4024666.7486994155,7,4024659.7486994155,0.0,1052.0,431.0,0.6756586626442992,0.6729626444450219,0.9950819672131147,0.7998317914213625,-0.1952501757917522,0.9812019330198954,0.7984859821496382,0.14255650402042,0.211834200898303,0.7915676597818803,0.9604568165596002,0.32703735555497815,0.2600540634809906,0.5638936841398752,29.357526454471742,nan,nan,inf,5047.964967287486,nan,nan,nan,12.503087197130439,33.54418215047404,849.0595519524871,4999.999999998863,23.654199537776943,0.0,0.0,0.0,0,0.6352081548645231,1.5295318649329157,1.0946733798610273,6,1.890229386175911,1011.0
20260521_205417,3,Geant2010,,37,37,8,maxmin,0.5,0.5,5,0.0,845176952.4278243,0.0014376930012076627,,SUCCESS,812.0,812.0,1214.0,1123.0,1209.5,967.6000000000001,9819440.480282785,12,9819428.480282785,0.0,1052.0,482.0,0.6756586626442992,0.6704630343702713,0.9950819672131147,0.8912698412698413,-0.10381212594327338,0.9812019330198954,0.8900062478892267,0.13306356667824568,0.19846517981893647,0.7915676597818803,0.9585912716297436,0.3295369656297286,0.38086316089091293,0.46016005249199565,29.357526454471742,nan,nan,inf,inf,nan,nan,nan,12.961855818112078,33.383193726930486,4.429241287870072,6.393861892583116,23.654199537776943,0.0,0.0,0.0,2,0.6973284489549493,3.1756033101415655,1.2058440301506452,6,4.10663378212284,2136.0
20260521_205454,3,Geant2010,,37,37,8,maxmin,0.5,0.5,5,0.0,2754774.1146183163,33.45612814499873,1.7949449452431646e-05,SUCCESS,812.0,812.0,1214.0,907.0,1209.5,967.6000000000001,5509164.19607988,14,5509150.19607988,0.0,1052.0,359.0,0.6756586626442992,0.6727000759189553,0.9950819672131147,0.76,-0.2350819672131147,0.9812019330198954,0.7595172413793103,0.12203161292686358,0.18140567735206492,0.7915676597818803,0.9703805689585773,0.3272999240810446,0.2620892392631523,0.5433404926505134,29.357526454471742,nan,nan,inf,81.62585415017354,nan,nan,nan,14.507307299173267,36.695058867715744,14.37049675288997,21.27659574468085,23.654199537776943,54.38465863392663,75.7004524503302,93.96314874659426,0,0.6536739997335494,1.0000000000000027,0.9999834528177537,8,1.2655969133740061,1154.0
20260521_205458,4,Geant2010,,37,37,8,maxmin,0.5,0.5,5,0.0,3973234.229071278,0.10860359299840638,0.0,SUCCESS,nan,876.625,nan,1056.0,1288.25,1030.6000000000001,4009565.080357567,9,4009556.080357567,0.0,1117.0,519.0,0.6802095221304719,0.6811816401851569,0.9953379953379954,0.7996857816182247,-0.1956522137197707,0.9903711109524149,0.7994647887847066,0.15503814961161233,0.22760177383740154,0.7784928315337297,0.9514041742632495,0.318818359814843,0.22683227002022893,0.5807311219097442,29.20040329134357,nan,nan,inf,2542.369523362291,nan,nan,nan,12.734322539656219,33.54418215047404,632.166410386721,2499.9999999994316,23.654199537776943,0.0,0.0,0.0,0,0.5978449527390097,1.3099116593651658,0.9594009804036424,4,0.8915348865131407,1065.0
20260521_205502,4,Geant2010,,37,37,8,maxmin,0.5,0.5,5,0.0,790449722.595031,0.0014028509995114291,,SUCCESS,876.625,876.625,1281.0,1296.0,1288.25,1030.6000000000001,9531468.294084348,12,9531456.294084348,0.0,1117.0,609.0,0.6802095221304719,0.6807807430926222,0.9953379953379954,1.0085603112840467,0.013222315946051277,0.9903711109524149,0.9360058427131791,0.148182393898136,0.2176653722973703,0.7784928315337297,0.9554915416112009,0.31921925690737785,0.36855102132134143,0.4619462496131781,29.20040329134357,nan,nan,inf,inf,nan,nan,nan,12.778690439406835,35.28021873004269,4.609170184929518,7.849293563579272,23.654199537776943,0.0,0.0,0.0,2,0.7018922011068314,2.5771545765180237,1.4276658430482694,8,4.125393509669642,2367.0
20260521_205555,4,Geant2010,,37,37,8,maxmin,0.5,0.5,5,0.0,2383494.0279988097,48.896985847000906,4.284534656144476e-07,SUCCESS,876.625,876.625,1281.0,981.0,1288.25,1030.6000000000001,4766521.173299681,12,4766509.173299681,0.0,1117.0,444.0,0.6802095221304719,0.681287265623342,0.9953379953379954,0.7570977917981072,-0.23824020353988817,0.9903711109524149,0.7563373629351211,0.1127780333695505,0.16553668189638704,0.7784928315337297,0.9743962813383961,0.31871273437665804,0.2600591984000056,0.5190391593227478,29.20040329134357,nan,nan,inf,76.17818688452196,nan,nan,nan,13.7274219784999,34.14163440556858,12.22123004340635,18.38235294117644,23.654199537776943,52.076480457331236,73.30618869732405,88.78977906345621,0,0.642689242041188,1.0,0.9977787964951074,9,1.2257196746294883,1328.0
20260521_205559,0,Bellcanada,,48,48,10,maxmin,0.5,0.5,5,0.0,9784012.572702197,0.20757987500110175,0.0,SUCCESS,nan,864.1,nan,1070.0,1261.8,1009.4399999999999,11263389.083866302,11,11263378.083866302,0.0,1046.0,866.0,0.6836920354131218,0.6838092879980555,0.9904,0.7998417721518988,-0.19055822784810117,0.9889599999999998,0.7984729746835443,0.193495284278308,0.2829667389350497,0.7946151744741108,0.9237725417895559,0.31619071200194454,0.21799999999999997,0.6823599999999996,77.42983563962176,nan,nan,inf,5096.43995265006,nan,nan,nan,26.62933931416171,77.82074286271742,586.6031673369461,4999.999999998863,59.992624402172204,0.0,0.0,0.0,0,0.6010728612832588,0.9155499803102807,0.8465680215717761,6,0.32273631343795206,1231.0
20260521_205602,0,Bellcanada,,48,48,10,maxmin,0.5,0.5,5,0.0,1673218559.1781242,0.0020644599990191637,,SUCCESS,864.1,864.1,1238.0,1625.0,1261.8,1009.4399999999999,17650947.58499279,13,17650934.58499279,0.0,1046.0,1404.0,0.6836920354131218,0.6857873973038162,0.9904,1.3,0.3096000000000001,0.9889599999999998,1.1253999999999995,0.26780095994732384,0.39050143091020256,0.7946151744741108,0.8702507725298828,0.31421260269618384,0.3456838995568685,0.6417570253164553,77.42983563962176,nan,nan,inf,inf,nan,nan,nan,26.721740592153495,64.47083258962087,5.272325241196118,7.246376811594203,59.992624402172204,0.0,0.0,0.0,2,0.6277727684356349,2.222369256351332,0.9139211942941685,7,2.0142443396511975,2369.0
20260521_205724,0,Bellcanada,,48,48,10,maxmin,0.5,0.5,5,0.0,6080298.543383488,78.98901626299994,1.0649493185376895e-06,SUCCESS,864.1,864.1,1238.0,949.0,1261.8,1009.4399999999999,12159826.758649956,12,12159814.758649956,0.0,1046.0,745.0,0.6836920354131218,0.6846551838902082,0.9904,0.7592,-0.23119999999999996,0.9889599999999998,0.7592,0.17467720921016658,0.25513165359772977,0.7946151744741108,0.9390023045314068,0.3153448161097919,0.25378227848101265,0.5971676218611516,77.42983563962176,nan,nan,inf,152.5192496178308,nan,nan,nan,26.673951919172094,77.82074286271742,14.484110947907746,19.607843137254903,59.992624402172204,102.7434677185113,129.49451336986039,155.02631710140227,0,0.6021028682159515,0.9155499803102807,0.8547504779782613,6,0.3555108125306675,1480.0
20260521_205729,1,Bellcanada,,48,48,10,maxmin,0.5,0.5,5,0.0,5705803.039383334,0.02111588300067524,4.148292131785089e-09,SUCCESS,nan,844.8,nan,1034.0,1240.9,992.72,6746363.337563528,7,6746356.337563528,0.0,1057.0,862.0,0.6831882745000765,0.6835835277901268,0.9664484451718495,0.7970540098199672,-0.16939443535188226,0.9594517184942717,0.7963175122749591,0.19489420634908483,0.28510664523929413,0.7847882253897291,0.9253429548965885,0.3164164722098733,0.2367581046716815,0.6714654146982975,150.3814862013206,nan,nan,inf,384.3406076249841,nan,nan,nan,26.393660508087024,57.93741050412045,80.51240705812442,277.777777777776,59.992624402172204,0.0,0.0,0.0,0,0.611174060248629,0.9337980734889826,0.8878166195710613,5,0.523600254858451,1301.0
20260521_205732,1,Bellcanada,,48,48,10,maxmin,0.5,0.5,5,0.0,1860361782.3018284,0.002108163000229979,,SUCCESS,844.8,844.8,1181.0,1644.0,1240.9,992.72,17467014.57044985,14,17467000.57044985,0.0,1057.0,1423.0,0.6831882745000765,0.677999800599334,0.9664484451718495,1.261703760552571,0.2952553153807215,0.9594517184942717,1.1001154643759268,0.25938033395802257,0.3825669767583076,0.7847882253897291,0.8619215075603374,0.32200019940066593,0.3322189021042026,0.6539471105958423,150.3814862013206,nan,nan,inf,inf,nan,nan,nan,25.639772823441874,64.47083258962087,5.416144463014936,7.485029940119759,59.992624402172204,0.0,0.0,0.0,2,0.6734839164556523,4.069445847046576,0.9328385613263079,7,4.022666965943045,2451.0
20260521_205908,1,Bellcanada,,48,48,10,maxmin,0.5,0.5,5,0.0,6285558.712572789,92.49505855700045,2.3853515292563136e-07,SUCCESS,844.8,844.8,1181.0,926.0,1240.9,992.72,12570577.40781338,12,12570565.40781338,0.0,1057.0,540.0,0.6831882745000765,0.6831666282449913,0.9664484451718495,0.7577741407528642,-0.20867430441898527,0.9594517184942717,0.7559328968903437,0.13119825393300755,0.19204429565016512,0.7847882253897291,0.967369414956559,0.31683337175500886,0.2725040916530278,0.5276285495011508,150.3814862013206,nan,nan,inf,198.6149106334244,nan,nan,nan,31.918410571368867,120.95444170828401,12.477858380722248,19.379844961240302,59.992624402172204,124.59658078515054,232.2452118616523,430.6097496474464,0,0.6455806585926365,1.0000000000000002,0.9526861444003176,20,2.029541065411645,1651.0
20260521_205911,2,Bellcanada,,48,48,10,maxmin,0.5,0.5,5,0.0,9910718.542904412,0.22725340500073798,0.0,SUCCESS,nan,889.8,nan,1059.0,1304.5,1043.6000000000001,11224291.967585342,10,11224281.967585342,0.0,1126.0,906.0,0.6847190822895761,0.685668981606582,0.9799846035411856,0.7992277992277992,-0.18075680431338637,0.9778027207588409,0.798153167679127,0.20071904555127293,0.2927346152963939,0.775527754650263,0.9222931613150933,0.31433101839341804,0.22882672882672883,0.6659448160535112,72.77842903047808,nan,nan,inf,1092.9051138262994,nan,nan,nan,26.573850629385465,64.47083258962087,203.2767132389963,1000.0,59.992624402172204,0.0,0.0,0.0,0,0.6029920307232511,0.9611128728869178,0.9066633875101662,8,0.6714156593309912,1425.0
20260521_205915,2,Bellcanada,,48,48,10,maxmin,0.5,0.5,5,0.0,2021385666.8416777,0.002129817999957595,,SUCCESS,889.8,889.8,1279.0,1455.0,1304.5,1043.6000000000001,16848085.608164836,13,16848072.608164836,0.0,1126.0,1079.0,0.6847190822895761,0.6795075565429014,0.9799846035411856,1.0543478260869565,0.07436322254577099,0.9778027207588409,1.0001710246275464,0.19390170332881024,0.28535621342507916,0.775527754650263,0.916228316441663,0.3204924434570985,0.3287143956889915,0.5875679875679873,72.77842903047808,nan,nan,inf,inf,nan,nan,nan,26.487354010770584,64.47083258962087,5.169671602795513,6.7114093959731544,59.992624402172204,0.0,0.0,0.0,2,0.6235015619622529,2.3072679628221175,0.9534139610827606,9,2.3341210705993625,2499.0
20260521_210011,2,Bellcanada,,48,48,10,maxmin,0.5,0.5,5,0.0,5947973.548354084,53.03001317400049,1.5099644611425523e-06,SUCCESS,889.8,889.8,1279.0,1000.0,1304.5,1043.6000000000001,11895330.235608304,12,11895318.235608304,0.0,1126.0,589.0,0.6847190822895761,0.68454576785775,0.9799846035411856,0.7599067599067599,-0.22007784363442562,0.9778027207588409,0.7592074592074591,0.13357289229999425,0.1951263137861528,0.775527754650263,0.9661853215362042,0.3154542321422501,0.25625590862611175,0.5363114822897428,72.77842903047808,nan,nan,inf,142.57939902077857,nan,nan,nan,26.92782331436977,64.47083258962087,12.865046653665546,19.37984496124026,59.992624402172204,100.62406379814882,130.77575284987483,143.24453373834598,0,0.6146508912981772,0.9600385767810057,0.9180414310527144,8,0.8560434769359193,1799.0
20260521_210015,3,Bellcanada,,48,48,10,maxmin,0.5,0.5,5,0.0,10325807.423402868,0.22157755900116172,0.0,SUCCESS,nan,844.7,nan,1042.0,1262.0,1009.6,11843743.291996539,12,11843731.291996539,0.0,1111.0,681.0,0.6719165541387193,0.6697399908816035,0.9991816693944353,0.7995090016366612,-0.19967266775777415,0.9941671430473221,0.7982161894322738,0.16100147182982802,0.2403939947171078,0.7592319789127201,0.9437427080033569,0.33026000911839654,0.25881715240300696,0.6338825783169916,66.81243757083439,nan,nan,inf,1781.8483251402376,nan,nan,nan,26.686303344128657,64.47083258962087,247.23866594421364,1666.6666666666035,59.992624402172204,0.0,0.0,0.0,0,0.5975154801467973,0.9594886877178729,0.86766137288451,4,0.4385055324995004,1564.0
20260521_210018,3,Bellcanada,,48,48,10,maxmin,0.5,0.5,5,0.0,2552027141.8820577,0.002737319000516436,,SUCCESS,844.7,844.7,1273.0,1334.0,1262.0,1009.6,23637104.788679793,17,23637087.788679793,0.0,1111.0,752.0,0.6719165541387193,0.6662577597382011,0.9991816693944353,1.0198776758409787,0.020696006446543347,0.9941671430473221,0.9928508415002562,0.17327267270565722,0.2600685247909801,0.7592319789127201,0.9254635988142433,0.33374224026179894,0.403908225362675,0.49068998783765516,66.81243757083439,nan,nan,inf,inf,nan,nan,nan,25.8476586008513,86.5436723630684,4.99991062432041,11.820330969267136,59.992624402172204,0.0,0.0,0.0,2,0.632889634567888,2.7878870073116286,0.9344743127357855,6,2.510741806141928,2954.0
20260521_210106,3,Bellcanada,,48,48,10,maxmin,0.5,0.5,5,0.0,6314112.039202032,45.21307492300002,5.731517430097867e-07,SUCCESS,844.7,844.7,1273.0,985.0,1262.0,1009.6,12627575.918591497,15,12627560.918591497,0.0,1111.0,613.0,0.6719165541387193,0.6700936864828793,0.9991816693944353,0.7599681020733652,-0.23921356732107013,0.9941671430473221,0.7574816483859081,0.1516461541900629,0.22630589908406398,0.7592319789127201,0.950681455439752,0.3299063135171208,0.2633684448244157,0.6292571960539945,66.81243757083439,nan,nan,inf,131.01488812531062,nan,nan,nan,26.854390088879175,56.56261254068288,13.534232849681203,19.920318725099584,59.992624402172204,101.95796859052939,128.90968221201237,132.55742512611468,0,0.5997573385464017,0.9390670735508635,0.888298104302417,5,0.4842139961257228,1704.0
20260521_210113,4,Bellcanada,,48,48,10,maxmin,0.5,0.5,5,0.0,9428157.011703035,0.16306616800102347,8.695810083601776e-05,SUCCESS,nan,886.2,nan,1107.0,1314.6,1051.68,11020139.248262556,10,11020129.248262556,0.0,1151.0,943.0,0.6742618195975472,0.6714088060392545,0.9836448598130841,0.7998554913294798,-0.1837893684836044,0.9816369011161632,0.7998550180478078,0.20650323261108158,0.30756706011837476,0.7683212149280908,0.9087972823695856,0.32859119396074543,0.23054261765846357,0.7235794095856494,73.75649102560428,nan,nan,inf,5105.601143332344,nan,nan,nan,26.288336629973543,64.47083258962087,1353.2411664469053,4999.999999998863,59.992624402172204,0.0,0.0,0.0,0,0.6148842240670382,1.1161751802196418,0.8790947323147535,7,0.7881971501858007,1370.0
20260521_210118,4,Bellcanada,,48,48,10,maxmin,0.5,0.5,5,0.0,1898909749.3842468,0.003808223998930771,,SUCCESS,886.2,886.2,1302.0,1635.0,1314.6,1051.68,15841591.583629925,13,15841578.583629925,0.0,1151.0,1471.0,0.6742618195975472,0.6708899052667249,0.9836448598130841,1.1899563318777293,0.20631147206464517,0.9816369011161632,1.080499148555917,0.25657098348689433,0.38243381137906635,0.7683212149280908,0.8640410805177796,0.3291100947332751,0.3643331860442047,0.6712948517940712,73.75649102560428,nan,nan,inf,inf,nan,nan,nan,26.478006604268163,64.47083258962087,4.833892532518395,6.887052341597794,59.992624402172204,0.0,0.0,0.0,2,0.6101120507581087,1.1344731339937342,0.9201463704997628,7,0.9221710789232581,2539.0
20260521_210323,4,Bellcanada,,48,48,10,maxmin,0.5,0.5,5,0.0,5699407.289972823,120.63673103199835,2.759367490593475e-07,SUCCESS,886.2,886.2,1302.0,1033.0,1314.6,1051.68,11397919.120350964,10,11397909.120350964,0.0,1151.0,869.0,0.6742618195975472,0.6724018753880096,0.9836448598130841,0.7535101404056163,-0.23013471940746788,0.9816369011161632,0.7503048546797364,0.18214131403632305,0.27088162704962476,0.7683212149280908,0.9291530402400475,0.32759812461199045,0.2674299329210057,0.6140795631825267,73.75649102560428,nan,nan,inf,133.53786715513246,nan,nan,nan,26.422356944166115,64.47083258962087,11.767669857949606,16.778523489932848,59.992624402172204,100.20044997511532,127.65184663867778,135.2993093309426,0,0.6106920635433527,0.9461031211532034,0.8790947323147535,6,0.543184658361343,1629.0
20260521_210326,0,Iris,,51,51,11,maxmin,0.5,0.5,5,0.0,1552871.7425679876,0.27894938299868954,7.695461963746494e-05,SUCCESS,nan,827.9090909090909,nan,1037.0,1217.5454545454545,974.0363636363636,1771789.0385241418,15,1771774.0385241418,0.0,1012.0,816.0,0.6824309662143905,0.683407286415613,0.9974958263772955,0.7989214175654854,-0.1985744088118101,0.9937395659432388,0.7980416770632102,0.18849535739596396,0.27581701445502416,0.797153765954703,0.9303293986727333,0.31659271358438695,0.23205342237061766,0.6874652077873551,11.696806816355869,nan,nan,inf,732.0616984724863,nan,nan,nan,3.1116982832146762,8.611655789645319,150.827239341224,714.2857142856678,9.164328397173279,0.0,0.0,0.0,0,0.6351698216821627,2.6403704782678874,1.0927262577259316,7,3.3546206478620064,1467.0
20260521_210328,0,Iris,,51,51,11,maxmin,0.5,0.5,5,0.0,373990538.3080467,0.002786752000247361,,SUCCESS,827.9090909090909,827.9090909090909,1204.0,1610.0,1217.5454545454545,974.0363636363636,4213402.898977771,16,4213386.898977771,0.0,1012.0,1061.0,0.6824309662143905,0.6770080948703779,0.9974958263772955,1.2318286151491966,0.2343327887719011,0.9937395659432388,1.185196444469423,0.249595659350795,0.36867455683610895,0.797153765954703,0.8671203153688337,0.32299190512962217,0.40567612687813026,0.5387044575954387,11.696806816355869,nan,nan,inf,inf,nan,nan,nan,3.043919815715951,8.611655789645319,4.119108224299836,7.385524372230424,9.164328397173279,0.0,0.0,0.0,2,0.9097399574132072,4.458063932307572,2.7049060860231706,18,17.79847028525243,2916.0
20260521_211009,0,Iris,,51,51,11,maxmin,0.5,0.5,5,0.0,1061540.6478774147,398.82260319300076,7.37152315912077e-07,SUCCESS,827.9090909090909,827.9090909090909,1204.0,980.0,1217.5454545454545,974.0363636363636,2122305.2087293463,17,2122288.2087293463,0.0,1012.0,759.0,0.6824309662143905,0.6836543010396788,0.9974958263772955,0.7595993322203672,-0.23789649415692826,0.9937395659432388,0.7595993322203672,0.16623316225463183,0.24315383082038677,0.797153765954703,0.9458952704796816,0.31634569896032116,0.24499229583975346,0.5927808224052953,11.696806816355869,nan,nan,inf,37.38253273558086,nan,nan,nan,3.192911448496713,8.611655789645319,15.493454639175837,20.66115702479335,9.164328397173279,28.781989474999325,36.12244192907475,37.50857952762343,0,0.6028355221689788,0.9911256862952237,0.8456299446258926,7,0.4806753543185174,1616.0
20260521_211012,1,Iris,,51,51,11,maxmin,0.5,0.5,5,0.0,1335524.4029447145,0.3334850829996867,0.0,SUCCESS,nan,823.4545454545455,nan,953.0,1207.909090909091,966.3272727272725,1569579.9084702476,9,1569570.9084702476,0.0,1052.0,829.0,0.6851213644280914,0.6825369914580861,0.9874055415617129,0.799328295549958,-0.1880772460117549,0.9706129303106633,0.7986582802142078,0.19750268055172948,0.289365533331475,0.800490593079656,0.9257663413897264,0.3174630085419139,0.21304706853839805,0.6553270370934667,13.311775379499595,nan,nan,inf,1263.5762967212343,nan,nan,nan,3.1483602184189476,6.689125749372525,217.59047438881638,1249.9999999998934,9.164328397173279,0.0,0.0,0.0,0,0.6281909902582458,2.259159724561248,0.8517823174004753,6,2.39046794870763,1304.0
20260521_211015,1,Iris,,51,51,11,maxmin,0.5,0.5,5,0.0,454449243.4236162,0.0026142139995499747,,SUCCESS,823.4545454545455,823.4545454545455,1176.0,1458.0,1207.909090909091,966.3272727272725,4609758.316602214,15,4609743.316602214,0.0,1052.0,1107.0,0.6851213644280914,0.679242726097699,0.9874055415617129,1.145326001571092,0.1579204600093791,0.9706129303106633,1.0814791216923472,0.21547158968216315,0.31722325672895135,0.800490593079656,0.8998515224704695,0.3207572739023011,0.37783375314861456,0.563877024033985,13.311775379499595,nan,nan,inf,inf,nan,nan,nan,2.9220307444191915,6.093172735584444,4.872826357847764,7.102272727272724,9.164328397173279,0.0,0.0,0.0,2,0.7310019195637832,2.645480372232424,1.3854276216135883,17,6.7676727670144095,2504.0
20260521_211707,1,Iris,,51,51,11,maxmin,0.5,0.5,5,0.0,996654.3522547173,410.48801949100016,0.0,SUCCESS,823.4545454545455,823.4545454545455,1176.0,941.0,1207.909090909091,966.3272727272725,1992474.8906559173,13,1992461.8906559173,0.0,1052.0,817.0,0.6851213644280914,0.6816211724671604,0.9874055415617129,0.7597027250206441,-0.22770281654106883,0.9706129303106633,0.7585247462214891,0.1866734999346252,0.27386693294598163,0.800490593079656,0.9310282972249178,0.3183788275328396,0.24601175482787574,0.6384377990730425,13.311775379499595,nan,nan,inf,35.843612453120414,nan,nan,nan,3.203679018718989,6.4652389410819815,16.421235462614234,20.491803278688497,9.164328397173279,30.123766056998615,35.47080140325861,35.936519846633004,0,0.5945881578866199,0.9090317590947631,0.8460968588698607,4,0.3197204922472857,1436.0
20260521_211710,2,Iris,,51,51,11,maxmin,0.5,0.5,5,0.0,1523861.806254818,0.5165287220006576,0.0,SUCCESS,nan,854.9090909090909,nan,1070.0,1262.2727272727273,1009.818181818182,1791257.4199158307,16,1791241.4199158307,0.0,1131.0,894.0,0.6804746125850362,0.6766223378615582,0.9975845410628019,0.799514955537591,-0.19806958552521092,0.9915458937198067,0.7991920496589409,0.2229339745719927,0.3294806601812289,0.7590219540008843,0.9011783309710599,0.3233776621384417,0.2134195634599838,0.7903201141161644,10.609330604204999,nan,nan,inf,1681.5031037292536,nan,nan,nan,3.1935717631293583,7.557047313614229,368.02919731344304,1666.6666666666035,9.164328397173279,0.0,0.0,0.0,0,0.6035486153843054,1.1012808980051156,0.9008681104597425,4,0.6495131250174936,1628.0
20260521_211713,2,Iris,,51,51,11,maxmin,0.5,0.5,5,0.0,490930203.51948255,0.002853497999240062,,SUCCESS,854.9090909090909,854.9090909090909,1284.0,1579.0,1262.2727272727273,1009.818181818182,4511670.998212954,16,4511654.998212954,0.0,1131.0,1226.0,0.6804746125850362,0.6750301443024113,0.9975845410628019,1.1859337105901375,0.1883491695273356,0.9915458937198067,1.1769165594370805,0.26379349965465443,0.3907877327867536,0.7590219540008843,0.8584326447251682,0.32496985569758874,0.36863379143088115,0.658309726276493,10.609330604204999,nan,nan,inf,inf,nan,nan,nan,3.037722802707048,7.970801854422897,4.633100537846021,7.062146892655366,9.164328397173279,0.0,0.0,0.0,2,0.8315279255075754,4.706753712347144,2.3461401952569085,15,13.258799438824719,3015.0
20260521_211933,2,Iris,,51,51,11,maxmin,0.5,0.5,5,0.0,1301897.0678585903,138.25845488499908,2.2305514682596605e-06,SUCCESS,854.9090909090909,854.9090909090909,1284.0,1009.0,1262.2727272727273,1009.818181818182,2602943.597235559,18,2602925.597235559,0.0,1131.0,833.0,0.6804746125850362,0.6762009201362779,0.9975845410628019,0.7598116169544741,-0.23777292410832784,0.9915458937198067,0.7595354381068666,0.17445867251856528,0.25799827732178454,0.7590219540008843,0.936096444912645,0.32379907986372214,0.25369822485207105,0.6192055144301363,10.609330604204999,nan,nan,inf,36.25262571078749,nan,nan,nan,3.1403633579010033,7.557047313614229,14.717428447812802,19.762845849802364,9.164328397173279,28.14593867400888,34.75735569339193,36.30884019929244,0,0.5945273463469388,0.9979995184405548,0.8441311795633699,5,0.41454620385109375,2025.0
20260521_211936,3,Iris,,51,51,11,maxmin,0.5,0.5,5,0.0,1453096.6471459134,0.2692843280001398,3.0223940696241387e-05,SUCCESS,nan,820.9090909090909,nan,987.0,1220.1818181818182,976.1454545454545,1677706.7987262786,12,1677694.7987262786,0.0,1094.0,788.0,0.6757594048859447,0.6747558069275098,0.9959415584415584,0.7985012489592007,-0.1974403094823577,0.9934177990883288,0.7953598960027792,0.20354348285852325,0.3016550295215026,0.7712942835465563,0.9171381053921996,0.3252441930724903,0.23653198653198648,0.7450770728114477,10.783747840285995,nan,nan,inf,571.8220238030237,nan,nan,nan,3.241628000155406,8.611655789645319,98.23845102825179,555.5555555555345,9.164328397173279,0.0,0.0,0.0,0,0.6142597849460727,1.4563982042226566,0.8689778300252047,4,0.9441550453374042,1480.0
20260521_211938,3,Iris,,51,51,11,maxmin,0.5,0.5,5,0.0,469605237.9248021,0.002918632000728394,,SUCCESS,820.9090909090909,820.9090909090909,1256.0,1442.0,1220.1818181818182,976.1454545454545,4528693.188679938,17,4528676.188679938,0.0,1094.0,1021.0,0.6757594048859447,0.6677102817917059,0.9959415584415584,1.1336477987421383,0.13770624030057987,0.9934177990883288,1.1261988993710692,0.22873400686912043,0.3425647516694593,0.7712942835465563,0.8784870590071111,0.332289718208294,0.39716902581182345,0.5576599326599326,10.783747840285995,nan,nan,inf,inf,nan,nan,nan,3.0229210669365805,8.611655789645319,3.989948983355386,5.393743257820925,9.164328397173279,0.0,0.0,0.0,2,0.8237354415934857,3.2394721897905536,2.244907712759569,15,13.188793162078579,2965.0
20260521_212229,3,Iris,,51,51,11,maxmin,0.5,0.5,5,0.0,1278371.5865635925,168.5984451000004,1.4862058527172022e-06,SUCCESS,820.9090909090909,820.9090909090909,1256.0,953.0,1220.1818181818182,976.1454545454545,2555972.3837443693,14,2555958.3837443693,0.0,1094.0,754.0,0.6757594048859447,0.6751775202578565,0.9959415584415584,0.7582781456953642,-0.23766341274619418,0.9934177990883288,0.7575623093622049,0.16788353868870293,0.24865096015724378,0.7712942835465563,0.9424354658429975,0.32482247974214334,0.2564529558701082,0.5965080492424242,10.783747840285995,nan,nan,inf,34.500832611832706,nan,nan,nan,3.1702017911654643,8.611655789645319,13.743764532072253,19.841269841269806,9.164328397173279,27.571343819815556,34.91387802082099,35.383802706136315,0,0.5870328012027235,0.9591294210061555,0.9361050693121511,4,0.5772524615393232,1819.0
20260521_212233,4,Iris,,51,51,11,maxmin,0.5,0.5,5,0.0,1574143.9273353464,1.1744033439990744,2.958187489856749e-16,SUCCESS,nan,852.0,nan,1041.0,1260.8181818181818,1008.6545454545453,1834813.711028262,15,1834798.711028262,0.0,1141.0,890.0,0.6735181443038925,0.6758255532938452,0.9952191235059761,0.8,-0.19521912350597603,0.9935544117124365,0.7993532740501212,0.2298207912255329,0.34005933943371935,0.7327361652293558,0.8951199087946569,0.32417444670615475,0.21669218989280248,0.8054432979027999,10.37334691122999,nan,nan,inf,inf,nan,nan,nan,3.1991559016627016,8.611655789645319,169.80379368990077,624.9999999999911,9.164328397173279,0.0,0.0,0.0,1,0.6231702691212592,1.4556017383853652,0.9236349665409802,6,1.2996491765513039,1725.0
20260521_212235,4,Iris,,51,51,11,maxmin,0.5,0.5,5,0.0,416241186.01767063,0.003108105998762767,,SUCCESS,852.0,852.0,1292.0,1510.0,1260.8181818181818,1008.6545454545453,4672553.673598535,18,4672535.673598535,0.0,1141.0,1306.0,0.6735181443038925,0.6748388109203369,0.9952191235059761,1.1741835147744946,0.17896439126851849,0.9935544117124365,1.1517366097415969,0.2670156687567986,0.3956732547623423,0.7327361652293558,0.8629052738416942,0.325161189079663,0.35604900459418065,0.6719405690327804,10.37334691122999,nan,nan,inf,inf,nan,nan,nan,3.1142333099236104,8.611655789645319,5.803089383391185,13.440860215053746,9.164328397173279,0.0,0.0,0.0,2,0.8556870955860552,3.125330376620953,1.9759361285468495,19,13.567068471861823,3351.0
20260521_213017,4,Iris,,51,51,11,maxmin,0.5,0.5,5,0.0,1360128.1772897234,459.5421632329999,4.3504673012869826e-07,SUCCESS,852.0,852.0,1292.0,988.0,1260.8181818181818,1008.6545454545453,2719402.3109793393,18,2719384.3109793393,0.0,1141.0,837.0,0.6735181443038925,0.676676890940583,0.9952191235059761,0.7590945836701698,-0.23612453983580628,0.9935544117124365,0.7584317539864793,0.17887747504750093,0.26434695412586157,0.7327361652293558,0.9342236424237149,0.32332310905941697,0.25219473264166004,0.6014692508630595,10.37334691122999,nan,nan,inf,35.03290923086584,nan,nan,nan,3.2287953836524195,8.611655789645319,13.933181719603917,19.762845849802364,9.164328397173279,27.414969227295018,35.280485804467574,35.42052834921053,0,0.6198779390172489,0.9867969261100854,0.9081543245891495,7,0.7035463055611633,2125.0
20260521_213023,0,Uninett2010,,74,74,15,maxmin,0.5,0.5,5,0.0,6489040.08876697,0.7105433489996358,1.064594673512872e-08,SUCCESS,nan,865.2,nan,1076.0,1270.6,1016.4800000000001,7363393.068309975,19,7363374.068309975,0.0,1079.0,855.0,0.6777691916016387,0.6797428542459625,0.9984025559105432,0.7995319812792512,-0.19887057463129199,0.9918764610009321,0.7995241311249894,0.18640286705993486,0.27422556323407216,0.7711221473420151,0.9270557176344394,0.3202571457540377,0.21697416974169736,0.7479882938286881,20.766788796326637,nan,nan,inf,1705.1256703853728,nan,nan,nan,6.654871766714195,21.198322296620226,406.789108662562,1666.6666666666035,19.51769882144196,0.0,0.0,0.0,0,0.6202044406432197,1.5097734040774893,0.8853097792355779,6,1.6589096539321202,2094.0
20260521_213028,0,Uninett2010,,74,74,15,maxmin,0.5,0.5,5,0.0,1863930317.261937,0.006128285998784122,,SUCCESS,865.2,865.2,1268.0,2091.0,1270.6,1016.4800000000001,18283062.38193722,23,18283039.38193722,0.0,1079.0,1882.0,0.6777691916016387,0.6824351541805086,0.9984025559105432,1.6701277955271565,0.6717252396166133,0.9918764610009321,1.4861821086261977,0.3688946491921117,0.5405563399427935,0.7711221473420151,0.779913583148714,0.3175648458194914,0.36162361623616235,0.7136355428152898,20.766788796326637,nan,nan,inf,inf,nan,nan,nan,6.628603656452082,21.198322296620226,4.82989441548023,7.215007215007214,19.51769882144196,0.0,0.0,0.0,2,0.7319799181923938,4.51596829656008,1.5692457044651607,14,12.090132054415433,3955.0
20260521_213901,0,Uninett2010,,74,74,15,maxmin,0.5,0.5,5,0.0,7119680.316589037,508.35131514800014,0.9911290085123425,SUCCESS,865.2,865.2,1268.0,984.0,1270.6,1016.4800000000001,14238905.125131192,28,14238877.125131192,0.0,1079.0,440.0,0.6777691916016387,0.6808185310361378,0.9984025559105432,0.7587859424920128,-0.23961661341853036,0.9918764610009321,0.7470447284345048,0.0762440451506519,0.11198879242404887,0.7711221473420151,0.986794042342124,0.3191814689638623,0.30271565495207664,0.4391347283082244,20.766788796326637,nan,nan,inf,51.922165946180684,nan,nan,nan,6.3652470517458974,21.10672244056495,9.12118378359578,19.379844961240302,19.51769882144196,36.269630525483954,50.770199516740895,53.295739647942746,0,0.6057874962535859,1.0,1.0,15,1.9754185293674538,2995.0
20260521_213907,1,Uninett2010,,74,74,15,maxmin,0.5,0.5,5,0.0,6482190.406666151,0.37039406100120686,4.3102216204158036e-16,SUCCESS,nan,883.1333333333333,nan,1103.0,1316.2,1052.96,7221642.535893861,18,7221624.535893861,0.0,1217.0,979.0,0.6733669183832182,0.6692216425533872,0.9992175273865415,0.799061767005473,-0.20015576038106841,0.9884666521998215,0.798983346305693,0.19623647478330336,0.29323091529821316,0.7476022978194462,0.918403364183422,0.3307783574466128,0.2442363112391931,0.7027275100207742,27.038110571763518,nan,nan,inf,864.2157831627424,nan,nan,nan,6.910547494396499,21.10672244056495,218.13346677478145,833.3333333333018,19.51769882144196,0.0,0.0,0.0,0,0.621874570392396,1.1697056138467787,0.9326636147461217,7,1.2732923048836589,2458.0
20260521_213912,1,Uninett2010,,74,74,15,maxmin,0.5,0.5,5,0.0,1941453540.843995,0.006779392000680673,,SUCCESS,883.1333333333333,883.1333333333333,1341.0,1910.0,1316.2,1052.96,19980039.67599634,25,19980014.67599634,0.0,1217.0,1689.0,0.6733669183832182,0.6656751019873318,0.9992175273865415,1.3760806916426513,0.3768631642561099,0.9884666521998215,1.2212536023054752,0.26800084134232605,0.4026000680245154,0.7476022978194462,0.8425029648293451,0.33432489801266835,0.39514866979655716,0.5948762420758585,27.038110571763518,nan,nan,inf,inf,nan,nan,nan,7.077259163198581,21.198322296620226,4.8875402169382065,10.940919037199114,19.51769882144196,0.0,0.0,0.0,2,0.635127949218995,1.6628694895231144,1.1657480110890612,12,4.9120881966867636,4552.0
20260521_214745,1,Uninett2010,,74,74,15,maxmin,0.5,0.5,5,0.0,8191609.560194175,508.4879242450006,0.9814705216697717,SUCCESS,883.1333333333333,883.1333333333333,1341.0,1032.0,1316.2,1052.96,16382670.668125464,27,16382643.668125464,0.0,1217.0,540.0,0.6733669183832182,0.6704622459552693,0.9992175273865415,0.7539384846211553,-0.24527904276538615,0.9884666521998215,0.7473936665984678,0.1054435619069965,0.15726994702999472,0.7476022978194462,0.9737104571119887,0.32953775404473074,0.30125195618153366,0.5737359163868716,27.038110571763518,nan,nan,inf,54.494115178051516,nan,nan,nan,5.948001281610739,21.10672244056495,8.904411207001203,16.28664495114004,19.51769882144196,35.48535788971226,52.43752768124152,55.86197343980496,0,0.5740081741080328,1.0000000000000002,0.9388556367279746,7,1.130699945653486,3104.0
20260521_214751,2,Uninett2010,,74,74,15,maxmin,0.5,0.5,5,0.0,7450005.671695109,1.5049611239992373,8.18884197953493e-07,SUCCESS,nan,914.8,nan,1148.0,1343.7333333333333,1074.986666666667,8554286.049166096,23,8554263.049166096,0.0,1206.0,972.0,0.6821320346885559,0.6793658003714194,0.9977973568281938,0.7998489425981873,-0.19794841423000653,0.9956494480123136,0.7993202416918428,0.20960849830092992,0.30853554622021573,0.7535902331222285,0.9108538957589942,0.32063419962858064,0.2180616740088106,0.76714501510574,20.62968296697101,nan,nan,inf,5037.934618945789,nan,nan,nan,6.51682424479896,21.198322296620226,584.6819988142819,4999.999999998863,19.51769882144196,0.0,0.0,0.0,0,0.6454825029341436,1.9819167395228952,0.9959128836357837,9,3.1911318035055203,2359.0
20260521_214756,2,Uninett2010,,74,74,15,maxmin,0.5,0.5,5,0.0,1981596406.260085,0.006194866000441834,,SUCCESS,914.8,914.8,1359.0,2084.0,1343.7333333333333,1074.986666666667,19031567.98022194,24,19031543.98022194,0.0,1206.0,1879.0,0.6821320346885559,0.6768281041759449,0.9977973568281938,1.4462179042331713,0.4484205474049775,0.9956494480123136,1.3754816854693472,0.31060718834115075,0.4589159144319558,0.7535902331222285,0.8126339874299208,0.32317189582405503,0.38619676945668135,0.6812688821752264,20.62968296697101,nan,nan,inf,inf,nan,nan,nan,7.163257018026619,21.433294320436953,4.252077445014021,6.613756613756612,19.51769882144196,0.0,0.0,0.0,2,0.6583842346069658,2.047651954764119,1.1843236716733978,14,5.314570174245942,4534.0
20260521_215629,2,Uninett2010,,74,74,15,maxmin,0.5,0.5,5,0.0,6462729.88724001,508.4764208630004,0.9999819576838583,SUCCESS,914.8,914.8,1359.0,1020.0,1343.7333333333333,1074.986666666667,12924938.868202168,18,12924920.868202168,0.0,1206.0,505.0,0.6821320346885559,0.6808894616498693,0.9977973568281938,0.7537764350453172,-0.2440209217828766,0.9956494480123136,0.7503620054034631,0.08733422663996833,0.12826491164710935,0.7535902331222285,0.9837040143764876,0.3191105383501307,0.2936746987951807,0.4587613293051357,20.62968296697101,nan,nan,inf,53.14343265928554,nan,nan,nan,6.791057747618166,21.198322296620226,8.930667927215215,16.33986928104574,19.51769882144196,36.53012121142722,48.84340692321835,54.54846336945552,0,0.6268957780264416,1.00000000000001,0.9942324060147596,14,2.076965927527437,3234.0
20260521_215641,3,Uninett2010,,74,74,15,maxmin,0.5,0.5,5,0.0,6987843.262929651,6.8167656940004235,7.395654750771102e-05,SUCCESS,nan,863.0,nan,1056.0,1276.0,1020.8000000000001,8184067.756939195,19,8184048.756939195,0.0,1113.0,857.0,0.6778964636708441,0.677180490395697,0.9895916733386709,0.799839871897518,-0.1897518014411529,0.9881750932991926,0.7996330549633328,0.1794217627145347,0.26495412265892826,0.7603288252777797,0.9327849222550856,0.3228195096043029,0.2523885350318471,0.6913920099875154,29.008241967531212,nan,nan,inf,5028.4945632501085,nan,nan,nan,6.339031149174742,21.198322296620226,592.5758036264173,4999.999999998863,19.51769882144196,0.0,0.0,0.0,0,0.6412136733142213,1.8824286835195156,0.8157895635299222,5,1.768498100086032,2305.0
20260521_215646,3,Uninett2010,,74,74,15,maxmin,0.5,0.5,5,0.0,2097686485.5684423,0.006786721000025864,,SUCCESS,863.0,863.0,1275.0,1862.0,1276.0,1020.8000000000001,20218272.408539236,25,20218247.408539236,0.0,1113.0,1660.0,0.6778964636708441,0.6725184750589115,0.9895916733386709,1.4031650339110777,0.4135733605724068,0.9881750932991926,1.2347322817089037,0.2799126133015304,0.41621549991918144,0.7603288252777797,0.8393789239047892,0.3274815249410885,0.41025641025641024,0.5785346890926453,29.008241967531212,nan,nan,inf,inf,nan,nan,nan,7.245578396120034,21.433294320436953,4.274840565456462,7.132667617689013,19.51769882144196,0.0,0.0,0.0,3,0.6781759927534234,2.342397507358755,1.2382180856763478,14,6.05207961578108,4450.0
20260521_220519,3,Uninett2010,,74,74,15,maxmin,0.5,0.5,5,0.0,7861785.945132863,508.39669168100045,0.9960930874474767,SUCCESS,863.0,863.0,1275.0,986.0,1276.0,1020.8000000000001,15723169.241868867,29,15723140.241868867,0.0,1113.0,397.0,0.6778964636708441,0.6762761297309666,0.9895916733386709,0.7579617834394905,-0.23162988989918043,0.9881750932991926,0.7475091077522691,0.06450256855309723,0.09537904077548527,0.7603288252777797,0.9903431320098481,0.32372387026903315,0.31725697061039937,0.4098742643124663,29.008241967531212,nan,nan,inf,48.26889120869662,nan,nan,nan,6.33650188172026,21.198322296620226,8.0760740861075,18.939393939393916,19.51769882144196,34.65145247125423,45.03783341392623,48.30943410930104,0,0.6169110351297307,1.0,0.9777444170316436,11,1.4820393678797734,3275.0
20260521_220525,4,Uninett2010,,74,74,15,maxmin,0.5,0.5,5,0.0,7692258.6491624145,0.6429412010002125,0.0,SUCCESS,nan,912.6666666666666,nan,1152.0,1360.0666666666666,1088.0533333333335,8638901.140544472,20,8638881.140544472,0.0,1292.0,1001.0,0.6667323758200996,0.6711250109478819,0.996969696969697,0.7984848484848485,-0.1984848484848485,0.9966721115788151,0.7976077382824788,0.20703704815506263,0.3084925234162383,0.742545438668579,0.9096180839837344,0.3288749890521181,0.22196969696969693,0.7845912614517263,26.60545002649811,nan,nan,inf,537.8036044218663,nan,nan,nan,6.557494001633974,21.10672244056495,127.29563588731772,500.0,19.51769882144196,0.0,0.0,0.0,0,0.6333033969406305,1.9417140009884126,1.0091767772998657,9,4.143885605400749,2171.0
20260521_220530,4,Uninett2010,,74,74,15,maxmin,0.5,0.5,5,0.0,2014327354.871156,0.006446314999266178,,SUCCESS,912.6666666666666,912.6666666666666,1442.0,1879.0,1360.0666666666666,1088.0533333333335,19291356.87383574,24,19291332.87383574,0.0,1292.0,1675.0,0.6667323758200996,0.6694210078190065,0.996969696969697,1.3241719520789288,0.32720225510923184,0.9966721115788151,1.2804094803605208,0.27276730444016506,0.4074674999054019,0.742545438668579,0.852644248507796,0.3305789921809934,0.38266384778012685,0.588861277131173,26.60545002649811,nan,nan,inf,inf,nan,nan,nan,7.341181066368428,21.198322296620226,4.127565831611415,6.944444444444445,19.51769882144196,0.0,0.0,0.0,2,0.6795760748079072,2.8721799537009525,1.2573475455971828,13,6.719661061502789,4396.0
20260521_221403,4,Uninett2010,,74,74,15,maxmin,0.5,0.5,5,0.0,6914351.271589208,508.4100116490008,0.979284474781607,SUCCESS,912.6666666666666,912.6666666666666,1442.0,1095.0,1360.0666666666666,1088.0533333333335,13828088.499755936,24,13828064.499755936,0.0,1292.0,604.0,0.6667323758200996,0.6713814134284651,0.996969696969697,0.7567380787836904,-0.24023161818600658,0.9966721115788151,0.7551936290731736,0.11929425823020147,0.1776847792389953,0.742545438668579,0.9680405670226312,0.3286185865715348,0.2969924812030075,0.6146035940803382,26.60545002649811,nan,nan,inf,55.47416520487753,nan,nan,nan,6.750941113580218,24.06388620960931,9.311777246362587,16.611295681063112,19.51769882144196,36.6428836345958,53.32969845390619,56.745783660044545,0,0.6048208642896188,1.0,0.9448851591679529,9,1.2287097376708376,2947.0
20260521_221405,0,CrlNetworkServices,,33,33,7,maxmin,0.5,0.5,5,0.05,5152010.462180121,0.059423843000331544,0.0,SUCCESS,nan,850.8571428571429,nan,1044.0,1246.2857142857142,997.0285714285716,5106261.350830043,7,5106254.350830043,0.0,1039.0,840.0,0.6826987834767425,0.6814929053477033,1.0,0.7993501218521527,-0.2006498781478473,0.9870836718115353,0.7976441917140537,0.21226265993058152,0.31146716020804843,0.8011776705142416,0.9095173467787147,0.3185070946522966,0.23763179237631793,0.6700243704305439,42.457529477359245,nan,nan,inf,1299.3306805214525,nan,nan,nan,14.456019610999588,48.86614896665297,261.46735446843365,1249.9999999998934,27.679171515830486,0.0,0.0,0.0,0,0.6303370547055118,1.7007882578141205,0.9095814179679087,5,1.2253683405648654,872.0
20260521_221406,0,CrlNetworkServices,,33,33,7,maxmin,0.5,0.5,5,0.05,1621265393.4197323,0.0009520900002826238,,SUCCESS,850.8571428571429,850.8571428571429,1231.0,1142.0,1246.2857142857142,997.0285714285716,10977191.327386448,8,10977183.327386448,0.0,1039.0,392.0,0.6826987834767425,0.6841918886373236,1.0,0.9277010560519903,-0.07229894394800973,0.9870836718115353,0.8577579203899268,0.10874542248864391,0.1589399469573187,0.8011776705142416,0.9786449001788126,0.31580811136267634,0.32250203086921203,0.4235265861453372,42.457529477359245,nan,nan,inf,inf,nan,nan,nan,15.780327180670758,60.422108913999494,5.793125533747674,7.704160246533124,27.679171515830486,0.0,0.0,0.0,1,0.7618881622613851,2.905270783085418,2.0723625454350114,6,5.10555921399884,1499.0
20260521_221407,0,CrlNetworkServices,,33,0,0,maxmin,0.5,0.5,5,0.05,,0.0,,INF_OR_UNBOUNDED_MCF_ARC,nan,nan,nan,nan,nan,nan,nan,0,nan,nan,0.0,0.0,0.0,0.0,0.0,0.0,0.0,0.0,0.0,0.0,0.0,0.0,0.0,0.0,0.0,0.0,0.0,0.0,0.0,0.0,0.0,0.0,0.0,0.0,0.0,0.0,0.0,0.0,0.0,0.0,0.0,0.0,0,0.0,0.0,0.0,0,0.0,0.0
20260521_221409,1,CrlNetworkServices,,33,33,7,maxmin,0.5,0.5,5,0.05,4576446.369746282,0.03482642299968575,3.4581983623379504e-05,SUCCESS,nan,825.2857142857143,nan,957.0,1217.7142857142858,974.1714285714286,4231811.081980425,6,4231805.081980425,0.0,1088.0,641.0,0.6799657635075353,0.6812154994596437,0.987460815047022,0.7998324958123953,-0.18762831923462664,0.9829311132464833,0.7989295698111516,0.18676887357262215,0.2741700294851947,0.7921749409157407,0.9332819624192541,0.31878450054035623,0.2303182579564489,0.6422236574723144,42.124313693323195,nan,nan,inf,5048.758642472109,nan,nan,nan,15.056087841840137,48.86614896665297,976.551386484698,4999.999999998863,27.679171515830486,0.0,0.0,0.0,0,0.6742739414015253,2.2167846681375067,0.9056279518743897,5,1.7370365544266506,816.0
20260521_221411,1,CrlNetworkServices,,33,33,7,maxmin,0.5,0.5,5,0.05,1132261800.8786821,0.0009720620000734925,,SUCCESS,825.2857142857143,825.2857142857143,1260.0,966.0,1217.7142857142858,974.1714285714286,10303059.410837147,8,10303051.410837147,0.0,1088.0,206.0,0.6799657635075353,0.677132381830912,0.987460815047022,0.7570532915360502,-0.23040752351097182,0.9829311132464833,0.7357161985475968,0.03610258465138076,0.05331687808780058,0.7921749409157407,0.9942834345713792,0.32286761816908804,0.33026755852842804,0.3589614740368509,42.124313693323195,nan,nan,inf,82.33999433064001,nan,nan,nan,16.24450617214735,48.86614896665297,8.052953271412218,18.24817518248173,27.679171515830486,0.0,0.0,0.0,0,0.778454313586948,3.1243698318400237,2.0402464558359115,6,5.290532641603695,1384.0
20260521_221412,1,CrlNetworkServices,,33,0,0,maxmin,0.5,0.5,5,0.05,,0.0,,INF_OR_UNBOUNDED_MCF_ARC,nan,nan,nan,nan,nan,nan,nan,0,nan,nan,0.0,0.0,0.0,0.0,0.0,0.0,0.0,0.0,0.0,0.0,0.0,0.0,0.0,0.0,0.0,0.0,0.0,0.0,0.0,0.0,0.0,0.0,0.0,0.0,0.0,0.0,0.0,0.0,0.0,0.0,0.0,0.0,0,0.0,0.0,0.0,0,0.0,0.0
20260521_221414,2,CrlNetworkServices,,33,33,7,maxmin,0.5,0.5,5,0.05,5049930.638802529,0.04407182899922191,0.0,SUCCESS,nan,865.1428571428571,nan,1028.0,1278.7142857142858,1022.9714285714288,4631069.6283473335,9,4631060.6283473335,0.0,1126.0,698.0,0.6813464175393021,0.6812283347921103,0.9937839937839937,0.799203187250996,-0.1945808065329977,0.9898212898212897,0.7990692707027369,0.18792575396700564,0.275863090786373,0.7852080077345966,0.9331546703919098,0.31877166520788974,0.2324281150159745,0.6420752272206341,43.036110585947604,nan,nan,inf,1052.0728392604024,nan,nan,nan,14.555479653494869,48.86614896665297,299.006223060834,1000.0,27.679171515830486,0.0,0.0,0.0,0,0.5892175595069742,0.9762012860814447,0.9021258234488106,4,0.4641865874757114,822.0
20260521_221415,2,CrlNetworkServices,,33,33,7,maxmin,0.5,0.5,5,0.05,1239951953.7656257,0.0009583159990143031,,SUCCESS,865.1428571428571,865.1428571428571,1279.0,964.0,1278.7142857142858,1022.9714285714288,10303059.410837147,8,10303051.410837147,0.0,1126.0,227.0,0.6813464175393021,0.6762144061153265,0.9937839937839937,0.7539936102236422,-0.23979038356035154,0.9898212898212897,0.7395085579032552,0.0471677923420256,0.06975271735630735,0.7852080077345966,0.993310407606495,0.32378559388467354,0.32400932400932403,0.39383571146723007,43.036110585947604,nan,nan,inf,83.65769601591163,nan,nan,nan,15.593115630665176,48.86614896665297,7.860809550549668,17.361111111111104,27.679171515830486,0.0,0.0,0.0,0,0.6655011546442463,1.9132628610982452,1.2972601031692395,5,2.4786307539466286,1550.0
20260521_221422,2,CrlNetworkServices,,33,33,7,maxmin,0.5,0.5,5,0.05,2938812.6802226407,5.452845724999861,5.678392250531771e-06,SUCCESS,865.1428571428571,865.1428571428571,1279.0,967.0,1278.7142857142858,1022.9714285714288,5877178.661154824,7,5877171.661154824,0.0,1126.0,422.0,0.6813464175393021,0.6798592270369151,0.9937839937839937,0.7577689243027889,-0.23601506948120488,0.9898212898212897,0.7558461724198775,0.11851997037773886,0.17433016375212546,0.7852080077345966,0.9759655503400765,0.3201407729630848,0.26118210862619806,0.5179202203360328,43.036110585947604,nan,nan,inf,83.65769601591163,nan,nan,nan,15.364884069579915,48.86614896665297,11.795515426789919,18.867924528301888,27.679171515830486,56.72949905761323,79.55284388120188,107.46002077205368,0,0.6080484890761879,0.9999999999999998,0.9703814566861648,6,0.7351306244097336,1112.0
20260521_221424,3,CrlNetworkServices,,33,33,7,maxmin,0.5,0.5,5,0.05,5388562.215342212,0.02886903299986443,0.0,SUCCESS,nan,828.2857142857143,nan,1023.0,1229.5714285714287,983.657142857143,5249110.087383526,8,5249102.087383526,0.0,1054.0,861.0,0.6784725726148767,0.6771771974155474,0.9991783073130649,0.7986852917009039,-0.20049301561216104,0.9972007624008588,0.7971712480230609,0.2258149234983584,0.3334650433596746,0.7769934272402905,0.9004300725737424,0.3228228025844526,0.25125208681135225,0.687834553163907,40.514024534194355,nan,nan,inf,677.0728392603936,nan,nan,nan,14.45601961099959,48.86614896665297,149.54119138755252,624.9999999999911,27.679171515830486,0.0,0.0,0.0,0,0.645364452833069,2.00057685387808,0.904962052828612,4,1.450840790295504,1004.0
20260521_221425,3,CrlNetworkServices,,33,33,7,maxmin,0.5,0.5,5,0.05,1212263525.904677,0.0009899739998218138,,SUCCESS,828.2857142857143,828.2857142857143,1216.0,940.0,1229.5714285714287,983.657142857143,10303059.410837147,8,10303051.410837147,0.0,1054.0,205.0,0.6784725726148767,0.6742351943622923,0.9991783073130649,0.7679465776293823,-0.23123172968368255,0.9972007624008588,0.7577031195630501,0.06189690247426744,0.09180313189199654,0.7769934272402905,0.9923266551645801,0.32576480563770754,0.3221035332785538,0.41663849867601893,40.514024534194355,nan,nan,inf,87.56280275370993,nan,nan,nan,16.24450617214735,48.86614896665297,9.75803413768395,26.041666666666604,27.679171515830486,0.0,0.0,0.0,0,0.8252715816139996,3.8585038799144185,2.680847836883867,5,7.22207154851831,1520.0
20260521_221427,3,CrlNetworkServices,,33,0,0,maxmin,0.5,0.5,5,0.05,,0.0,,INF_OR_UNBOUNDED_MCF_ARC,nan,nan,nan,nan,nan,nan,nan,0,nan,nan,0.0,0.0,0.0,0.0,0.0,0.0,0.0,0.0,0.0,0.0,0.0,0.0,0.0,0.0,0.0,0.0,0.0,0.0,0.0,0.0,0.0,0.0,0.0,0.0,0.0,0.0,0.0,0.0,0.0,0.0,0.0,0.0,0,0.0,0.0,0.0,0,0.0,0.0
20260521_221428,4,CrlNetworkServices,,33,33,7,maxmin,0.5,0.5,5,0.05,5149714.325671497,0.10360142100034864,0.0,SUCCESS,nan,892.4285714285714,nan,1042.0,1309.2857142857142,1047.4285714285716,4700107.184038673,8,4700099.184038673,0.0,1119.0,646.0,0.6822040045163524,0.6817800029384448,0.9930340557275542,0.7993803253292022,-0.193653730398352,0.9851315849426729,0.799106457615499,0.16736657896444285,0.24548472856801246,0.7809110485390783,0.9443627798365272,0.31821999706155524,0.2130131680867544,0.596948114135704,35.652442334342496,nan,nan,inf,1351.6604139002507,nan,nan,nan,15.273255897499757,73.9812423843492,363.9447561840497,1250.0000000000712,27.679171515830486,0.0,0.0,0.0,0,0.7024130649300331,2.9467162012926154,1.102774613596343,5,2.9520458764475075,879.0
20260521_221430,4,CrlNetworkServices,,33,33,7,maxmin,0.5,0.5,5,0.05,1756098201.4647121,0.000928977000512532,,SUCCESS,892.4285714285714,892.4285714285714,1283.0,1316.0,1309.2857142857142,1047.4285714285716,11458656.4055718,9,11458647.4055718,0.0,1119.0,573.0,0.6822040045163524,0.6829921513440408,0.9930340557275542,1.009976976208749,0.016942920481194723,0.9851315849426729,0.9140326827264493,0.14310081456789833,0.20952043780634128,0.7809110485390783,0.9606289189927727,0.3170078486559592,0.35476374903175834,0.4530316091954023,35.652442334342496,nan,nan,inf,inf,nan,nan,nan,16.03589828159918,55.10926711404133,5.079567285995162,7.052186177715094,27.679171515830486,0.0,0.0,0.0,1,0.8876726245456263,4.147370488965827,3.1873669543747982,6,8.512770237152322,1814.0
20260521_221431,4,CrlNetworkServices,,33,0,0,maxmin,0.5,0.5,5,0.05,,0.0,,INF_OR_UNBOUNDED_MCF_ARC,nan,nan,nan,nan,nan,nan,nan,0,nan,nan,0.0,0.0,0.0,0.0,0.0,0.0,0.0,0.0,0.0,0.0,0.0,0.0,0.0,0.0,0.0,0.0,0.0,0.0,0.0,0.0,0.0,0.0,0.0,0.0,0.0,0.0,0.0,0.0,0.0,0.0,0.0,0.0,0,0.0,0.0,0.0,0,0.0,0.0
20260521_221435,0,Geant2010,,37,37,8,maxmin,0.5,0.5,5,0.05,4153945.5673965714,0.07805345900123939,1.121009603406012e-16,SUCCESS,nan,828.875,nan,957.0,1213.375,970.7,4117445.4345910028,9,4117436.4345910028,0.0,994.0,448.0,0.6859470187235328,0.6860295563845851,0.9891576313594662,0.7981651376146789,-0.19099249374478733,0.9879899916597163,0.7978732276897414,0.15337900901093676,0.2235749284903305,0.802039983142812,0.9574894739693601,0.3139704436154149,0.23332825764208764,0.57660897970531,29.313773854075997,nan,nan,inf,508.11718425321624,nan,nan,nan,12.702288365075772,33.54418215047404,127.90976658602153,454.5454545454451,23.654199537776943,0.0,0.0,0.0,0,0.631335869707986,1.8408940402111738,1.0864698927778353,4,1.8615212032347026,1048.0
20260521_221439,0,Geant2010,,37,37,8,maxmin,0.5,0.5,5,0.05,620399250.9085282,0.0011497980012791231,,SUCCESS,828.875,828.875,1186.0,1221.0,1213.375,970.7,7586509.586137196,10,7586499.586137196,0.0,994.0,668.0,0.6859470187235328,0.6861250716652997,0.9891576313594662,1.018348623853211,0.029190992493744683,0.9879899916597163,0.9509174311926605,0.16348645893140404,0.2382750109023195,0.802039983142812,0.951627812172169,0.3138749283347003,0.3386155129274395,0.5149006750669356,29.313773854075997,nan,nan,inf,inf,nan,nan,nan,12.776592651842455,31.81455517310637,5.318260380619616,7.451564828614006,23.654199537776943,0.0,0.0,0.0,2,0.6741546453598647,2.996076390019113,1.365401501423784,5,4.367162140312214,1815.0
20260521_221603,0,Geant2010,,37,37,8,maxmin,0.5,0.5,5,0.05,2723923.095945615,80.2937995960001,7.432421014602413e-08,SUCCESS,828.875,828.875,1186.0,914.0,1213.375,970.7,5447537.516714494,11,5447526.516714494,0.0,994.0,286.0,0.6859470187235328,0.6842628192927024,0.9891576313594662,0.75850622406639,-0.2306514072930762,0.9879899916597163,0.7583751674112935,0.09039287579549456,0.13210256826306943,0.802039983142812,0.9852745134594684,0.3157371807072976,0.25813177648040037,0.45725604670558795,29.313773854075997,nan,nan,inf,73.4920484328707,nan,nan,nan,13.36366070301941,33.54418215047404,13.779428691215317,20.0,23.654199537776943,51.98325117706656,67.62327813439676,74.04548947140624,0,0.6339263259695632,1.0000000000000029,0.9892212886441849,7,0.9703390371891921,1171.0
20260521_221607,1,Geant2010,,37,37,8,maxmin,0.5,0.5,5,0.05,3025834.54436161,0.044306877000053646,0.0,SUCCESS,nan,822.75,nan,958.0,1213.75,971.0,3359246.648176436,6,3359240.648176436,0.0,1010.0,549.0,0.6801039938494473,0.6765417572446086,0.9907795473595976,0.7979882648784576,-0.19279128248113997,0.9752205786161083,0.7975159015827622,0.17029303316971525,0.25171104569107117,0.7975506939359325,0.9382064042117708,0.32345824275539137,0.23422768950470996,0.6260084033613444,29.445732314712522,nan,nan,inf,457.57856901322117,nan,nan,nan,12.357378982592273,31.81455517310637,115.45871799258596,416.6666666666509,23.654199537776943,0.0,0.0,0.0,0,0.5909140966477293,1.4985945135331242,0.9609689150237821,4,1.3794844463072715,974.0
20260521_221611,1,Geant2010,,37,37,8,maxmin,0.5,0.5,5,0.05,556367328.7561582,0.0011925089984288206,,SUCCESS,822.75,822.75,1182.0,1122.0,1213.75,971.0,7586509.586137196,10,7586499.586137196,0.0,1010.0,610.0,0.6801039938494473,0.676719026979665,0.9907795473595976,0.8813825608798115,-0.10939698647978613,0.9752205786161083,0.8728986645718775,0.13385759515749038,0.1978038001309408,0.7975506939359325,0.9582906125985261,0.32328097302033504,0.33826929615776946,0.5080816175645434,29.445732314712522,nan,nan,inf,inf,nan,nan,nan,12.632633925164065,33.383193726930486,5.28214792670311,7.496251874062963,23.654199537776943,0.0,0.0,0.0,2,0.656529182218869,3.0681460345203826,0.9784484767058161,5,3.1549149141904698,1749.0
20260521_221639,1,Geant2010,,37,37,8,maxmin,0.5,0.5,5,0.05,2156548.554778935,24.70161266100149,4.5879677664623895e-06,SUCCESS,822.75,822.75,1182.0,946.0,1213.75,971.0,4312639.934897853,8,4312631.934897853,0.0,1010.0,434.0,0.6801039938494473,0.6767404302849487,0.9907795473595976,0.7594300083822296,-0.23134953897736799,0.9752205786161083,0.7592177407425669,0.12485387272720033,0.18449300077228917,0.7975506939359325,0.9642418739908593,0.32325956971505143,0.25188845636652235,0.5465126050420168,29.445732314712522,nan,nan,inf,73.6505728927015,nan,nan,nan,13.319045561722096,31.81455517310637,14.444178356825478,20.66115702479335,23.654199537776943,52.614743489808994,72.07470453723731,75.21291820197634,0,0.6326428801016899,0.9762331155323425,0.9527794005807917,6,0.5955777062635862,1113.0
20260521_221644,2,Geant2010,,37,37,8,maxmin,0.5,0.5,5,0.05,4565422.911978494,0.28137862400035374,2.039948089303902e-16,SUCCESS,nan,845.5,nan,994.0,1248.25,998.6000000000001,4843665.093931926,8,4843657.093931926,0.0,1097.0,616.0,0.6814653422933579,0.6764545224815367,0.9942857142857143,0.7983673469387755,-0.1959183673469388,0.9932325818511386,0.7968210322559113,0.17054189717411847,0.2521114007021415,0.764084145743172,0.9391371375947682,0.3235454775184633,0.2224544432105688,0.6288148580773273,27.880638228783695,nan,nan,inf,550.8126418592348,nan,nan,nan,12.375671192500842,33.54418215047404,121.27783661054845,500.0,23.654199537776943,0.0,0.0,0.0,0,0.6018117698356943,1.4785479240342527,0.9926466346566925,5,1.3791942365372503,1149.0
20260521_221647,2,Geant2010,,37,37,8,maxmin,0.5,0.5,5,0.05,783804023.1396706,0.0013665959995705634,,SUCCESS,845.5,845.5,1250.0,1130.0,1248.25,998.6000000000001,9971247.048544215,12,9971235.048544215,0.0,1097.0,434.0,0.6814653422933579,0.6765314890116237,0.9942857142857143,0.9224489795918367,-0.07183673469387764,0.9932325818511386,0.8792781698190852,0.1156554249878914,0.1709534986418116,0.764084145743172,0.9684298902224339,0.3234685109883763,0.37767112177966783,0.42330960969470294,27.880638228783695,nan,nan,inf,inf,nan,nan,nan,12.658514360157387,33.383193726930486,165.12074563333786,833.3333333333018,23.654199537776943,0.0,0.0,0.0,1,0.6929064310311585,3.026737598113597,1.3916597874389443,9,4.955835498474961,2160.0
20260521_221923,2,Geant2010,,37,37,8,maxmin,0.5,0.5,5,0.05,2950405.7880806336,151.5795306709988,7.000444188595596e-07,SUCCESS,845.5,845.5,1250.0,949.0,1248.25,998.6000000000001,5900433.676848154,10,5900423.676848154,0.0,1097.0,355.0,0.6814653422933579,0.6764232198967581,0.9942857142857143,0.7525773195876289,-0.24170839469808547,0.9932325818511386,0.7490280786640928,0.10197548370626656,0.15075692363403934,0.764084145743172,0.9749634407590274,0.32357678010324187,0.26814499925275237,0.5031580422847798,27.880638228783695,nan,nan,inf,72.85474981224051,nan,nan,nan,13.628375579220101,41.01724421881709,11.254883890955119,16.722408026755833,23.654199537776943,50.774003253394234,69.52179259854519,74.07988369106785,0,0.6170736115777192,1.00000000000001,0.9727071741892214,10,1.359054198343308,1441.0
20260521_221927,3,Geant2010,,37,37,8,maxmin,0.5,0.5,5,0.05,3924946.7764308937,0.03682412899979681,0.0,SUCCESS,nan,812.0,nan,952.0,1209.5,967.6000000000001,4024666.7486994155,7,4024659.7486994155,0.0,1052.0,431.0,0.6756586626442992,0.6729626444450219,0.9950819672131147,0.7998317914213625,-0.1952501757917522,0.9812019330198954,0.7984859821496382,0.14255650402042,0.211834200898303,0.7915676597818803,0.9604568165596002,0.32703735555497815,0.2600540634809906,0.5638936841398752,29.357526454471742,nan,nan,inf,5047.964967287486,nan,nan,nan,12.503087197130439,33.54418215047404,849.0595519524871,4999.999999998863,23.654199537776943,0.0,0.0,0.0,0,0.6268904754507695,1.221526219370254,1.1350677157808888,6,1.5164327666229105,1011.0
20260521_221931,3,Geant2010,,37,37,8,maxmin,0.5,0.5,5,0.05,845176952.4278243,0.0014463879997492768,,SUCCESS,812.0,812.0,1214.0,1123.0,1209.5,967.6000000000001,9819440.480282785,12,9819428.480282785,0.0,1052.0,482.0,0.6756586626442992,0.6704630343702713,0.9950819672131147,0.8912698412698413,-0.10381212594327338,0.9812019330198954,0.8900062478892267,0.13306356667824568,0.19846517981893647,0.7915676597818803,0.9585912716297436,0.3295369656297286,0.38086316089091293,0.46016005249199565,29.357526454471742,nan,nan,inf,inf,nan,nan,nan,12.961855818112078,33.383193726930486,4.429241287870072,6.393861892583116,23.654199537776943,0.0,0.0,0.0,2,0.67739826147429,2.6004390344957153,1.2322437828415382,6,3.3787992704779626,2136.0
20260521_222004,3,Geant2010,,37,37,8,maxmin,0.5,0.5,5,0.05,2754774.499330229,29.554375165000238,7.39829686672303e-05,SUCCESS,812.0,812.0,1214.0,907.0,1209.5,967.6000000000001,5509164.19607988,14,5509150.19607988,0.0,1052.0,359.0,0.6756586626442992,0.6726988233018804,0.9950819672131147,0.7594617325483599,-0.2356202346647548,0.9812019330198954,0.7593522538160085,0.1220302617725201,0.18140400658580877,0.7915676597818803,0.9703769986106859,0.32730117669811953,0.2620892392631523,0.5433404926505134,29.357526454471742,nan,nan,inf,73.79199424897696,nan,nan,nan,13.884653525978491,29.894879731442973,14.367580847947394,20.833333333333332,23.654199537776943,55.153869681894854,72.02994635972452,129.40502907587125,0,0.6667311459099942,1.0000000000000193,0.9921880906371243,9,1.2439445530845348,1154.0
20260521_222008,4,Geant2010,,37,37,8,maxmin,0.5,0.5,5,0.05,3973234.229071278,0.1353177719993255,0.0,SUCCESS,nan,876.625,nan,1056.0,1288.25,1030.6000000000001,4009565.080357567,9,4009556.080357567,0.0,1117.0,519.0,0.6802095221304719,0.6811816401851569,0.9953379953379954,0.7996857816182247,-0.1956522137197707,0.9903711109524149,0.7994647887847066,0.15503814961161233,0.22760177383740154,0.7784928315337297,0.9514041742632495,0.318818359814843,0.22683227002022893,0.5807311219097442,29.20040329134357,nan,nan,inf,2542.369523362291,nan,nan,nan,12.734322539656219,33.54418215047404,632.166410386721,2499.9999999994316,23.654199537776943,0.0,0.0,0.0,0,0.5974327510074329,1.0365820824664458,1.0098957688459396,4,0.7646065320958931,1065.0
20260521_222012,4,Geant2010,,37,37,8,maxmin,0.5,0.5,5,0.05,790449722.595031,0.0013910699999541976,,SUCCESS,876.625,876.625,1281.0,1296.0,1288.25,1030.6000000000001,9531468.294084348,12,9531456.294084348,0.0,1117.0,609.0,0.6802095221304719,0.6807807430926222,0.9953379953379954,1.0085603112840467,0.013222315946051277,0.9903711109524149,0.9360058427131791,0.148182393898136,0.2176653722973703,0.7784928315337297,0.9554915416112009,0.31921925690737785,0.36855102132134143,0.4619462496131781,29.20040329134357,nan,nan,inf,inf,nan,nan,nan,12.778690439406835,35.28021873004269,4.609170184929518,7.849293563579272,23.654199537776943,0.0,0.0,0.0,2,0.6882560237998473,2.255513374938923,1.3207165879772442,8,3.607224836321849,2367.0
20260521_222048,4,Geant2010,,37,37,8,maxmin,0.5,0.5,5,0.05,2383493.5297214426,32.24936295599946,4.4930450956726085e-07,SUCCESS,876.625,876.625,1281.0,981.0,1288.25,1030.6000000000001,4766521.173299681,12,4766509.173299681,0.0,1117.0,444.0,0.6802095221304719,0.6813433452364462,0.9953379953379954,0.7570977917981072,-0.23824020353988817,0.9903711109524149,0.7563373629351211,0.11150018980823918,0.16364758030996154,0.7784928315337297,0.975114018674097,0.31865665476355376,0.2600591984000056,0.5071902658786156,29.20040329134357,nan,nan,inf,76.17818688452196,nan,nan,nan,13.86968921011712,34.14163440556858,12.163411642147679,18.38235294117644,23.654199537776943,51.080009758584545,70.87556551507676,76.9582014163542,0,0.6548119919422217,1.0,0.9916728184677003,9,1.0586186178339565,1328.0
20260521_222051,0,Bellcanada,,48,48,10,maxmin,0.5,0.5,5,0.05,9784012.572702197,0.22329585399893404,0.0,SUCCESS,nan,864.1,nan,1070.0,1261.8,1009.4399999999999,11263389.083866302,11,11263378.083866302,0.0,1046.0,866.0,0.6836920354131218,0.6838092879980555,0.9904,0.7998417721518988,-0.19055822784810117,0.9889599999999998,0.7984729746835443,0.193495284278308,0.2829667389350497,0.7946151744741108,0.9237725417895559,0.31619071200194454,0.21799999999999997,0.6823599999999996,77.42983563962176,nan,nan,inf,5096.43995265006,nan,nan,nan,26.62933931416171,77.82074286271742,586.6031673369461,4999.999999998863,59.992624402172204,0.0,0.0,0.0,0,0.6059761035207422,0.9637368213792429,0.8795671995658632,6,0.5036287530075169,1231.0
20260521_222054,0,Bellcanada,,48,48,10,maxmin,0.5,0.5,5,0.05,1673218559.1781242,0.002020998999796575,,SUCCESS,864.1,864.1,1238.0,1625.0,1261.8,1009.4399999999999,17650947.58499279,13,17650934.58499279,0.0,1046.0,1404.0,0.6836920354131218,0.6857873973038162,0.9904,1.3,0.3096000000000001,0.9889599999999998,1.1253999999999995,0.26780095994732384,0.39050143091020256,0.7946151744741108,0.8702507725298828,0.31421260269618384,0.3456838995568685,0.6417570253164553,77.42983563962176,nan,nan,inf,inf,nan,nan,nan,26.721740592153495,64.47083258962087,5.272325241196118,7.246376811594203,59.992624402172204,0.0,0.0,0.0,2,0.6455903352877073,2.872988729318267,0.9404239568820976,7,2.8457562521876967,2369.0
20260521_222235,0,Bellcanada,,48,48,10,maxmin,0.5,0.5,5,0.05,6080298.543386628,97.83999983200192,1.0692559664985261e-06,SUCCESS,864.1,864.1,1238.0,949.0,1261.8,1009.4399999999999,12159826.758649956,12,12159814.758649956,0.0,1046.0,745.0,0.6836920354131218,0.6846551838902082,0.9904,0.7592,-0.23119999999999996,0.9889599999999998,0.7592,0.17467720921016658,0.25513165359772977,0.7946151744741108,0.9390023045314068,0.3153448161097919,0.25378227848101265,0.5971676218611516,77.42983563962176,nan,nan,inf,152.5192496178308,nan,nan,nan,26.673951919172094,77.82074286271742,14.484110947907746,19.607843137254903,59.992624402172204,102.74347399717472,129.49451336986039,155.0263171014023,0,0.6070061104534348,0.9637368213792429,0.8795671995658632,6,0.5364032521002323,1480.0
20260521_222239,1,Bellcanada,,48,48,10,maxmin,0.5,0.5,5,0.05,5705803.039383334,0.016492400001880014,4.148292131785089e-09,SUCCESS,nan,844.8,nan,1034.0,1240.9,992.72,6746363.337563528,7,6746356.337563528,0.0,1057.0,862.0,0.6831882745000765,0.6835835277901268,0.9664484451718495,0.7970540098199672,-0.16939443535188226,0.9594517184942717,0.7963175122749591,0.19489420634908483,0.28510664523929413,0.7847882253897291,0.9253429548965885,0.3164164722098733,0.2367581046716815,0.6714654146982975,150.3814862013206,nan,nan,inf,384.3406076249841,nan,nan,nan,26.393660508087024,57.93741050412045,80.51240705812442,277.777777777776,59.992624402172204,0.0,0.0,0.0,0,0.6166958410544743,0.9829453405147185,0.9345438100748014,5,0.7616844787983695,1301.0
20260521_222242,1,Bellcanada,,48,48,10,maxmin,0.5,0.5,5,0.05,1860361782.3018284,0.002108649001456797,,SUCCESS,844.8,844.8,1181.0,1644.0,1240.9,992.72,17467014.57044985,14,17467000.57044985,0.0,1057.0,1423.0,0.6831882745000765,0.677999800599334,0.9664484451718495,1.261703760552571,0.2952553153807215,0.9594517184942717,1.1001154643759268,0.25938033395802257,0.3825669767583076,0.7847882253897291,0.8619215075603374,0.32200019940066593,0.3322189021042026,0.6539471105958423,150.3814862013206,nan,nan,inf,inf,nan,nan,nan,25.639772823441874,64.47083258962087,5.416144463014936,7.485029940119759,59.992624402172204,0.0,0.0,0.0,2,0.6566962677488126,2.959496152218165,0.981935327711903,7,3.1508014950545524,2451.0
